DISEASE,SNP,RISK_ALLELE,BETA,CHR
Plasma proprotein convertase subtilisin/kexin type 9 levels in stable coronary artery disease,11591147.0,rs11591147-T,0.315,1
Plasma proprotein convertase subtilisin/kexin type 9 levels in stable coronary artery disease,,1:55520994-GCG,0.06,
Plasma proprotein convertase subtilisin/kexin type 9 levels in stable coronary artery disease,45448095.0,rs45448095-T,0.084,1
Plasma proprotein convertase subtilisin/kexin type 9 levels in stable coronary artery disease,2479409.0,rs2479409-A,0.052,1
Plasma proprotein convertase subtilisin/kexin type 9 levels in stable coronary artery disease,6957201.0,rs6957201-C,0.163,7
Plasma proprotein convertase subtilisin/kexin type 9 levels in stable coronary artery disease,11591147.0,rs11591147-T,0.374259,1
Plasma proprotein convertase subtilisin/kexin type 9 levels in stable coronary artery disease,,1:55520994-GCG,0.0698119,
Plasma proprotein convertase subtilisin/kexin type 9 levels in stable coronary artery disease,45448095.0,rs45448095-T,0.0820863,1
Spherical equivalent or myopia (age of diagnosis),36024104.0,rs36024104-A,2.2071749081893874,14
Spherical equivalent or myopia (age of diagnosis),56075542.0,rs56075542-T,2.196557688348516,2
Spherical equivalent or myopia (age of diagnosis),7895108.0,rs7895108-T,2.182223736322862,10
Spherical equivalent or myopia (age of diagnosis),7456039.0,rs7456039-C,2.17668167610489,7
Spherical equivalent or myopia (age of diagnosis),7624084.0,rs7624084-T,2.1760009408845926,3
Spherical equivalent or myopia (age of diagnosis),1556867.0,rs1556867-T,2.175433307333562,1
Spherical equivalent or myopia (age of diagnosis),62070229.0,rs62070229-A,2.1492007860946885,17
Spherical equivalent or myopia (age of diagnosis),2855530.0,rs2855530-C,2.1488509930520037,14
Spherical equivalent or myopia (age of diagnosis),7662551.0,rs7662551-A,2.1435893615035875,4
Spherical equivalent or myopia (age of diagnosis),9517964.0,rs9517964-T,2.1309660593332267,13
Spherical equivalent or myopia (age of diagnosis),1954761.0,rs1954761-T,2.1278744992014262,11
Spherical equivalent or myopia (age of diagnosis),745480.0,rs745480-C,2.1179408408304456,10
Spherical equivalent or myopia (age of diagnosis),2573081.0,rs2573081-C,2.105596499156687,2
Spherical equivalent or myopia (age of diagnosis),17428076.0,rs17428076-C,2.1020588315452446,2
Spherical equivalent or myopia (age of diagnosis),12667032.0,rs12667032-A,2.0786912602891316,7
Spherical equivalent or myopia (age of diagnosis),2225986.0,rs2225986-A,2.074805813275308,1
Spherical equivalent or myopia (age of diagnosis),1207782.0,rs1207782-T,2.0687596933329755,6
Spherical equivalent or myopia (age of diagnosis),72826094.0,rs72826094-A,2.064708542077771,10
Spherical equivalent or myopia (age of diagnosis),297593.0,rs297593-T,2.0561729147404817,2
Spherical equivalent or myopia (age of diagnosis),5442.0,rs5442-A,2.05604496387344,12
Spherical equivalent or myopia (age of diagnosis),10880855.0,rs10880855-T,2.0512992357335555,12
Spherical equivalent or myopia (age of diagnosis),2155413.0,rs2155413-A,2.0483377966285023,11
Spherical equivalent or myopia (age of diagnosis),12405776.0,rs12405776-T,2.0471765810925606,1
Spherical equivalent or myopia (age of diagnosis),2150458.0,rs2150458-A,2.0457554840250296,21
Spherical equivalent or myopia (age of diagnosis),12898755.0,rs12898755-A,2.0192933688435577,15
Myopia (age of diagnosis),61991628.0,rs61991628-A,0.0608,14
Myopia (age of diagnosis),534311.0,rs534311-T,0.0452,11
Myopia (age of diagnosis),9257566.0,rs145283874-T,0.0629,6
Myopia (age of diagnosis),826222.0,rs826222-T,0.0395,3
Myopia (age of diagnosis),,16:67885110:GTGCG-?,0.1149,
Myopia (age of diagnosis),,7:85738582:TTA_T-?,0.0639,
Myopia (age of diagnosis),36042294.0,rs36042294-C,0.0603,6
Myopia (age of diagnosis),35909544.0,rs35909544-A,0.0625,6
Myopia (age of diagnosis),714832.0,rs714832-A,0.0402,17
Spherical equivalent or myopia (age of diagnosis),12193446.0,rs12193446-A,2.9668697288688897,6
Spherical equivalent or myopia (age of diagnosis),524952.0,rs524952-A,2.837615405456854,15
Spherical equivalent or myopia (age of diagnosis),7744813.0,rs7744813-A,2.6779345771975867,6
Spherical equivalent or myopia (age of diagnosis),11602008.0,rs11602008-A,2.637484665054937,11
Spherical equivalent or myopia (age of diagnosis),3138141.0,rs3138141-A,2.6248859598414414,12
Spherical equivalent or myopia (age of diagnosis),10500355.0,rs10500355-A,2.6197288755954458,16
Spherical equivalent or myopia (age of diagnosis),72621438.0,rs72621438-C,2.575432676487371,8
Spherical equivalent or myopia (age of diagnosis),1550094.0,rs1550094-A,2.544589651949174,2
Spherical equivalent or myopia (age of diagnosis),2908972.0,rs2908972-A,2.409194828052304,17
Spherical equivalent or myopia (age of diagnosis),7829127.0,rs7829127-A,2.3897714546729616,8
Spherical equivalent or myopia (age of diagnosis),6495367.0,rs6495367-A,2.322583779500735,15
Spherical equivalent or myopia (age of diagnosis),11145465.0,rs11145465-A,2.256122218583705,9
Spherical equivalent or myopia (age of diagnosis),1649068.0,rs1649068-A,2.2448500423428075,10
Spherical equivalent or myopia (age of diagnosis),7692381.0,rs7692381-A,2.240496900680624,4
Myopia (age of diagnosis),73451523.0,rs73451523-A,0.2714,X
Myopia (age of diagnosis),,11:105665158:GGT_G-?,0.0477,
Myopia (age of diagnosis),12898755.0,rs12898755-A,0.0533,15
Myopia (age of diagnosis),62236760.0,rs62236760-A,0.0473,3
Myopia (age of diagnosis),12450368.0,rs80253120-T,0.0525,17
Myopia (age of diagnosis),11913426.0,rs11913426-A,0.2963,22
Myopia (age of diagnosis),2456147.0,rs139292688-T,0.064,16
Myopia (age of diagnosis),232660.0,rs232660-A,0.147,20
Myopia (age of diagnosis),10910076.0,rs10910076-A,0.648,1
Myopia (age of diagnosis),4785742.0,rs4785742-T,0.0512,16
Myopia (age of diagnosis),11101263.0,rs11101263-T,0.047,10
Myopia (age of diagnosis),334354.0,rs334354-A,0.0515,9
Myopia (age of diagnosis),411535.0,rs411535-A,0.0429,6
Myopia (age of diagnosis),,13:85599496:GA_G-?,0.0464,
Myopia (age of diagnosis),17274750.0,rs17274750-A,0.07,21
Myopia (age of diagnosis),9508026.0,rs9508026-T,0.0451,13
Myopia (age of diagnosis),77409432.0,rs77409432-A,0.2585,16
Myopia (age of diagnosis),10011267.0,rs10011267-T,0.0481,4
Myopia (age of diagnosis),9972635.0,rs9972635-T,0.0842,16
Myopia (age of diagnosis),6875688.0,rs6875688-T,0.0952,5
Myopia (age of diagnosis),77016368.0,rs77016368-A,0.5618,3
Myopia (age of diagnosis),9257744.0,rs114827547-A,0.0474,6
Myopia (age of diagnosis),1549426.0,rs1549426-T,0.0396,12
Myopia (age of diagnosis),1344035.0,rs1344035-T,0.0343,X
Myopia (age of diagnosis),837335.0,rs837335-C,0.04,13
Myopia (age of diagnosis),12193446.0,rs12193446-A,0.2514,6
Myopia (age of diagnosis),13217285.0,rs13217285-T,0.0647,6
Myopia (age of diagnosis),11602008.0,rs11602008-A,0.1349,11
Myopia (age of diagnosis),7624084.0,rs7624084-T,0.0573,3
Myopia (age of diagnosis),17648524.0,rs17648524-C,0.0986,16
Myopia (age of diagnosis),9513696.0,rs9513696-A,0.0558,13
Myopia (age of diagnosis),7744813.0,rs7744813-A,0.0928,6
Myopia (age of diagnosis),57382675.0,rs57382675-A,0.0641,1
Myopia (age of diagnosis),7456039.0,rs7456039-C,0.202,7
Myopia (age of diagnosis),1550094.0,rs1550094-A,0.0861,2
Myopia (age of diagnosis),2738265.0,rs2738265-C,0.0525,14
Myopia (age of diagnosis),10887265.0,rs10887265-C,0.0568,10
Myopia (age of diagnosis),4141671.0,rs4141671-T,0.0515,10
Myopia (age of diagnosis),12667032.0,rs12667032-A,0.9345,7
Myopia (age of diagnosis),62075723.0,rs62075723-A,0.0568,17
Myopia (age of diagnosis),3745548.0,rs3745548-T,0.4723,19
Myopia (age of diagnosis),5442.0,rs5442-A,0.0977,12
Myopia (age of diagnosis),2303635.0,rs2303635-C,0.8739,3
Myopia (age of diagnosis),1790165.0,rs1790165-A,0.0504,11
Myopia (age of diagnosis),7067005.0,rs7067005-T,0.884,X
Myopia (age of diagnosis),56299331.0,rs56299331-T,0.0608,10
Myopia (age of diagnosis),7662551.0,rs7662551-A,0.056,4
Myopia (age of diagnosis),8132840.0,rs8132840-A,0.0502,21
Myopia (age of diagnosis),7253703.0,rs7253703-A,0.512,19
Myopia (age of diagnosis),11202704.0,rs11202704-T,0.0454,10
Myopia (age of diagnosis),7099271.0,rs148844282-T,0.1976,
Myopia (age of diagnosis),10824518.0,rs10824518-A,0.0597,10
Myopia (age of diagnosis),524952.0,rs524952-A,0.099,15
Myopia (age of diagnosis),72890842.0,rs72890842-T,0.0673,2
Myopia (age of diagnosis),3138141.0,rs3138141-A,0.1201,12
Myopia (age of diagnosis),629631.0,rs629631-T,0.1346,19
Myopia (age of diagnosis),72621438.0,rs72621438-C,0.0851,8
Myopia (age of diagnosis),,15:79372468:A_ATG-?,0.063,
Myopia (age of diagnosis),11145461.0,rs11145461-T,0.0668,9
Myopia (age of diagnosis),11872104.0,rs11872104-A,0.0848,18
Myopia (age of diagnosis),2272774.0,rs2272774-T,0.588342066193819,8
Myopia (age of diagnosis),,22:23069851:A_ATG-?,0.3615,
Myopia (age of diagnosis),3213636.0,rs3213636-A,0.1054,17
Myopia (age of diagnosis),7829127.0,rs7829127-A,0.0915,8
Myopia (age of diagnosis),12998513.0,rs12998513-A,0.4513,2
Myopia (age of diagnosis),28488643.0,rs28488643-T,0.2919977465193834,17
Myopia (age of diagnosis),12405776.0,rs12405776-T,0.2263,1
Myopia (age of diagnosis),2162488.0,rs2162488-T,0.1078,2
Myopia (age of diagnosis),7286621.0,rs7286621-A,0.5770627015391433,22
Myopia (age of diagnosis),5022942.0,rs5022942-A,0.0743,4
Myopia (age of diagnosis),61049169.0,rs61049169-A,0.0629,2
Myopia (age of diagnosis),2908972.0,rs2908972-A,0.0637,17
Myopia (age of diagnosis),17400325.0,rs17400325-T,0.1383,2
Myopia (age of diagnosis),10919908.0,rs10919908-A,0.0507,1
Myopia (age of diagnosis),57391541.0,rs57391541-T,0.0809,14
Myopia (age of diagnosis),12965607.0,rs12965607-T,0.0678,18
Myopia (age of diagnosis),6602906.0,rs6602906-A,0.0843,13
Myopia (age of diagnosis),28613963.0,rs28613963-T,0.1783,7
Myopia (age of diagnosis),7968679.0,rs7968679-A,0.0513,12
Myopia (age of diagnosis),12883788.0,rs12883788-T,0.0491,14
Myopia (age of diagnosis),80124906.0,rs80124906-A,0.6211,16
Myopia (age of diagnosis),1064583.0,rs1064583-A,0.0467,6
Myopia (age of diagnosis),12001208.0,rs12001208-T,0.0528,9
Myopia (age of diagnosis),7275394.0,rs7275394-A,0.2892,21
Myopia (age of diagnosis),,14:92594579:C_CA-?,0.064,
Myopia (age of diagnosis),2823141.0,rs2823141-A,0.046,21
Myopia (age of diagnosis),479445.0,rs479445-A,0.0481,1
Myopia (age of diagnosis),873693.0,rs873693-A,0.0841,16
Myopia (age of diagnosis),297587.0,rs297587-A,0.0497,2
Myopia (age of diagnosis),4768672.0,rs4768672-T,0.0478,12
Myopia (age of diagnosis),7333969.0,rs7333969-T,0.0481,13
Myopia (age of diagnosis),7028032.0,rs7028032-T,0.045,9
Myopia (age of diagnosis),1622915.0,rs114374770-A,0.0765,6
Myopia (age of diagnosis),7754960.0,rs7754960-C,0.0559,6
Myopia (age of diagnosis),62067167.0,rs62067167-T,0.0632,17
Myopia (age of diagnosis),77676437.0,rs77676437-T,0.0616,4
Myopia (age of diagnosis),4805962.0,rs4805962-T,0.0884,19
Myopia (age of diagnosis),715315.0,rs715315-T,0.0486,11
Myopia (age of diagnosis),36024104.0,rs36024104-A,0.0761,14
Myopia (age of diagnosis),2155413.0,rs2155413-A,0.0576,11
Type 2 diabetes,149483638.0,rs149483638-C,0.2468600779315258,11
Systolic blood pressure night-to-day ratio in hypertension,4905794.0,rs4905794-G,1.5686159179138452,14
General cognitive ability,12489732.0,rs12489732-A,1.9003148757824004,3
General cognitive ability,1363119.0,rs1363119-A,1.8985190057995887,19
General cognitive ability,1620977.0,rs1620977-A,1.8962696234310423,1
General cognitive ability,4976976.0,rs4976976-A,1.8956689326185665,8
General cognitive ability,2636699.0,rs2636699-T,1.8932625545585766,4
General cognitive ability,743134.0,rs743134-A,1.8931119634883424,20
General cognitive ability,4500960.0,rs4500960-T,1.892660054163788,2
General cognitive ability,7010173.0,rs7010173-T,1.8922079405248606,8
General cognitive ability,3092566.0,rs3092566-T,1.8917556223867307,20
General cognitive ability,13105581.0,rs13105581-T,1.8914539632592544,4
General cognitive ability,6882046.0,rs6882046-A,1.8897932094994205,5
General cognitive ability,12707116.0,rs12707116-T,1.88949095772139,7
General cognitive ability,6503863.0,rs6503863-A,1.888734928351441,17
General cognitive ability,7146202.0,rs7146202-A,1.8882810362186768,14
General cognitive ability,7749823.0,rs7749823-A,1.8875240912124343,6
General cognitive ability,1699462.0,rs1699462-T,1.8867665728063896,9
General cognitive ability,10875914.0,rs10875914-A,1.8855533485144158,12
General cognitive ability,17589603.0,rs17589603-A,1.885098009658556,1
General cognitive ability,10914462.0,rs10914462-A,1.8829703492814391,1
General cognitive ability,9467707.0,rs9467707-C,1.8814478154915857,6
General cognitive ability,750155.0,rs750155-T,1.8796177097497393,16
General cognitive ability,11209943.0,rs11209943-A,1.8788541760789887,1
General cognitive ability,750472.0,rs750472-A,1.8785485993004458,8
General cognitive ability,6074798.0,rs6074798-A,1.8767131751082187,20
General cognitive ability,9257802.0,rs9257802-T,1.8765600709205201,6
General cognitive ability,1724425.0,rs1724425-T,1.8765600709205201,17
General cognitive ability,7613360.0,rs7613360-T,1.8744141473502434,3
General cognitive ability,3129977.0,rs3129977-A,1.8714944372469087,6
General cognitive ability,9467714.0,rs9467714-A,1.8688748194455789,6
General cognitive ability,7193413.0,rs7193413-A,1.8676396795633732,16
General cognitive ability,2726032.0,rs2726032-T,1.8668669417148605,16
General cognitive ability,77418166.0,rs77418166-T,1.8645451389537027,6
General cognitive ability,28646281.0,rs28646281-T,1.8633046363911507,17
General cognitive ability,702223.0,rs702223-A,1.8577032525220898,9
General cognitive ability,2273558.0,rs2273558-A,1.8573911426568845,6
General cognitive ability,1526123.0,rs1526123-T,1.856766630536665,17
General cognitive ability,1362104.0,rs1362104-A,1.8559854415273263,6
General cognitive ability,1318878.0,rs1318878-A,1.85332482488621,12
General cognitive ability,56116382.0,rs56116382-A,1.8530113452598183,3
General cognitive ability,1391438.0,rs1391438-T,1.8519133920478021,4
General cognitive ability,2333604.0,rs2333604-A,1.8519133920478021,14
General cognitive ability,113714691.0,rs113714691-T,1.851285448542082,8
General cognitive ability,77482156.0,rs77482156-T,1.8503427933269523,6
General cognitive ability,2074404.0,rs2074404-T,1.8503427933269523,17
General cognitive ability,407102.0,rs407102-T,1.8486122808208378,1
General cognitive ability,13001130.0,rs13001130-A,1.8487697239448346,2
General cognitive ability,61104616.0,rs61104616-A,1.8475094843325468,5
General cognitive ability,73234901.0,rs73234901-A,1.8462476545121247,7
General cognitive ability,3843738.0,rs3843738-A,1.8460898137731023,17
General cognitive ability,62439690.0,rs62439690-A,1.8453002361560848,7
General cognitive ability,2309812.0,rs2309812-T,1.9523181453506435,2
General cognitive ability,9366673.0,rs9366673-C,1.950471160382876,6
General cognitive ability,2336670.0,rs2336670-T,1.9483357762701516,3
General cognitive ability,11662271.0,rs11662271-T,1.9417586865042618,18
General cognitive ability,72801843.0,rs72801843-A,1.9414717424563819,16
General cognitive ability,9949444.0,rs9949444-A,1.9361483718533596,18
General cognitive ability,36051354.0,rs36051354-T,1.935426819040468,3
General cognitive ability,62170823.0,rs62170823-A,1.9347047452131525,2
General cognitive ability,10514301.0,rs10514301-T,1.9322457868612555,5
General cognitive ability,926300.0,rs926300-A,1.9318112246758117,6
General cognitive ability,1233578.0,rs1233578-A,1.9313764735639716,6
General cognitive ability,1702877.0,rs1702877-T,1.9277461784276422,12
General cognitive ability,9836970.0,rs9836970-A,1.9251241812954787,3
General cognitive ability,7775835.0,rs7775835-T,1.920445810189378,6
General cognitive ability,9597254.0,rs9597254-A,1.9194194923806482,13
General cognitive ability,713522.0,rs713522-T,1.9175106745336155,17
General cognitive ability,3101338.0,rs3101338-A,1.9163342038096856,1
General cognitive ability,885916.0,rs885916-T,1.915892670209165,6
General cognitive ability,9921412.0,rs9921412-T,1.91530365531951,16
General cognitive ability,640177.0,rs640177-A,1.913534526153976,5
General cognitive ability,1408579.0,rs1408579-T,1.912796464270889,10
General cognitive ability,11130194.0,rs11130194-A,1.9116144310363339,3
General cognitive ability,61544985.0,rs61544985-A,1.909986850592705,7
General cognitive ability,3799378.0,rs3799378-A,1.900464386136271,6
General cognitive ability,11191270.0,rs11191270-T,1.9003148757824004,10
Dietary macronutrient intake,7619139.0,rs7619139-T,0.159,3
Dietary macronutrient intake,1421085.0,rs1421085-C,0.079,16
Dietary macronutrient intake,838133.0,rs838133-A,0.232,19
Dietary macronutrient intake,838133.0,rs838133-A,0.177,19
Dietary macronutrient intake,838133.0,rs838133-A,0.111,19
Penicillin allergy,,HLA-B*55:01-?,0.28517894223366247,
Self-reported risk-taking behaviour,6762267.0,rs6762267-C,0.04783732941416006,3
Self-reported risk-taking behaviour,727644.0,rs727644-G,0.03052920503482279,7
Self-reported risk-taking behaviour,62519827.0,rs62519827-T,0.04114194333117521,8
Self-reported risk-taking behaviour,9841382.0,rs9841382-C,0.03729578474369693,3
Self-reported risk-taking behaviour,58560561.0,rs58560561-G,0.02761516703297339,1
Self-reported risk-taking behaviour,992493.0,rs992493-T,0.03246719013750141,4
Self-reported risk-taking behaviour,6923811.0,rs6923811-T,0.026641930946421092,6
Self-reported risk-taking behaviour,7817124.0,rs7817124-C,0.02955880224154443,8
Self-reported risk-taking behaviour,4801000.0,rs4801000-G,0.024692612590371414,18
Self-reported risk-taking behaviour,4653015.0,rs4653015-T,0.026641930946421092,1
Self-reported risk-taking behaviour,12476923.0,rs12476923-A,0.024692612590371414,2
Self-reported risk-taking behaviour,283914.0,rs283914-T,0.023716526617316065,3
Self-reported risk-taking behaviour,4233093.0,rs4233093-A,0.023716526617316065,1
Self-reported risk-taking behaviour,7829912.0,rs7829912-T,0.023716526617316065,8
Self-reported risk-taking behaviour,3117340.0,rs3117340-G,0.023716526617316065,6
Self-reported risk-taking behaviour,1381287.0,rs1381287-T,0.02273948696948934,14
Self-reported risk-taking behaviour,28520003.0,rs28520003-G,0.024692612590371414,22
Self-reported risk-taking behaviour,12115650.0,rs12115650-G,0.025667746748577813,9
Self-reported risk-taking behaviour,11226319.0,rs11226319-A,0.031498667059371016,11
Self-reported risk-taking behaviour,1358391.0,rs1358391-G,0.02273948696948934,7
Self-reported risk-taking behaviour,12617392.0,rs12617392-C,0.02273948696948934,2
Self-reported risk-taking behaviour,542883.0,rs542883-C,0.02273948696948934,2
Self-reported risk-taking behaviour,10823791.0,rs10823791-T,0.02273948696948934,10
Self-reported risk-taking behaviour,34905321.0,rs34905321-T,0.02176149178151271,6
Self-reported risk-taking behaviour,891124.0,rs891124-T,0.023716526617316065,16
Intelligence,10514303.0,rs10514303-A,1.7671251882696941,5
Intelligence,61104616.0,rs61104616-A,1.928473292543877,5
Intelligence,770463.0,rs770463-T,1.7125358704376676,5
Intelligence,304132.0,rs304132-A,1.7476334111854996,5
Intelligence,11742251.0,rs11742251-A,1.7725766498112812,5
Intelligence,55763037.0,rs55763037-A,1.7052933980776217,5
Intelligence,6881733.0,rs6881733-T,1.7909257884794776,5
Intelligence,10477894.0,rs10477894-A,1.7181129290597565,5
Intelligence,722895.0,rs722895-A,1.9074662769400255,5
Intelligence,255892.0,rs255892-A,1.7628454590634126,5
Intelligence,255896.0,rs255896-T,1.7791806870211948,5
Intelligence,154081.0,rs154081-A,1.7367751608952955,5
Intelligence,27757.0,rs27757-A,1.7476334111854996,5
Intelligence,67432087.0,rs67432087-T,1.8064838646264372,5
Intelligence,739954.0,rs739954-T,1.8214800706771364,5
Intelligence,4150196.0,rs4150196-T,1.7146984230915934,5
Intelligence,17208215.0,rs17208215-T,1.7051116625023828,5
Intelligence,75836061.0,rs75836061-A,1.726509584019938,5
Intelligence,830383.0,rs830383-A,1.7069275337113574,5
Intelligence,604290.0,rs604290-A,1.730061354757839,6
Intelligence,3749971.0,rs3749971-A,1.7798555647252308,6
Intelligence,11153822.0,rs11153822-T,1.912205622303922,6
Intelligence,1933720.0,rs1933720-T,2.0824370506596344,6
Intelligence,9320747.0,rs9320747-T,2.217571718667089,6
Intelligence,12190777.0,rs12190777-A,1.7062015808664084,6
Intelligence,12211582.0,rs12211582-T,2.153040455714028,6
Intelligence,4587178.0,rs4587178-T,2.0770637168938717,6
Intelligence,9401452.0,rs9401452-T,2.420723621011087,6
Intelligence,17813294.0,rs17813294-C,2.1433548674234886,6
Intelligence,6931604.0,rs6931604-T,2.1524596344164078,6
Intelligence,17814604.0,rs17814604-A,2.0149030205422647,6
Intelligence,62422686.0,rs62422686-C,1.7100069673557958,6
Intelligence,75477016.0,rs75477016-T,1.9377339577711363,6
Intelligence,7769568.0,rs7769568-A,1.7098260864653687,6
Intelligence,6568547.0,rs6568547-T,1.7843991148217626,6
Intelligence,6927268.0,rs6927268-T,1.7597526730929685,6
Intelligence,3813498.0,rs3813498-T,1.961080213844758,6
Intelligence,4946935.0,rs4946935-A,2.134166441369082,6
Intelligence,10950995.0,rs10950995-T,1.730415838987003,7
Intelligence,3735478.0,rs3735478-T,1.8869181224012845,7
Intelligence,1050331.0,rs1050331-T,1.78858777806242,7
Intelligence,4720485.0,rs4720485-A,1.7224093910932619,7
Intelligence,3094893.0,rs3094893-T,1.721694594779768,7
Intelligence,865225.0,rs865225-A,1.7504165056936725,7
Intelligence,34711194.0,rs34711194-A,1.8764069432883397,7
Intelligence,55841409.0,rs55841409-A,1.7220520568032347,7
Intelligence,10227076.0,rs10227076-A,1.7691729705552592,7
Intelligence,951809.0,rs951809-A,1.8324214509469445,7
Intelligence,10247993.0,rs10247993-T,1.720800380287561,7
Intelligence,10282411.0,rs10282411-T,1.9164813383645012,7
Basophil count,78744187.0,rs78744187-T,0.130213,19
Basophil count,34158728.0,rs34158728-A,0.094813,19
Basophil count,7253094.0,rs7253094-C,0.015638,19
Basophil count,4760.0,rs4760-G,0.019462,19
Basophil count,143273199.0,rs143273199-C,0.01875,19
Basophil count,12459419.0,rs12459419-T,0.016693,19
Basophil count,,chr20:1930084-D,0.016308,
Basophil count,6141781.0,rs6141781-T,0.032512,20
Basophil count,4812449.0,rs4812449-G,0.014742,20
Basophil count,,chr20:43520287-D,0.022393,
Basophil count,2834670.0,rs2834670-G,0.028259,21
Basophil count,138595256.0,rs138595256-G,0.064177,21
Basophil count,,chr21:38796769-D,0.022871,
Basophil count,,chr21:39554630-D,0.017781,
Basophil count,7285377.0,rs7285377-T,0.014495,22
Basophil count,34288539.0,rs34288539-T,0.015157,22
Basophil count,5750482.0,rs5750482-C,0.013596,22
Basophil count,34780507.0,rs34780507-G,0.03512,22
Basophil count,143290435.0,rs143290435-C,0.040247,22
Basophil count,5766582.0,rs5766582-T,0.016936,22
Basophil count,1888341.0,rs1888341-G,0.059984,1
Basophil count,12122584.0,rs12122584-A,0.040114,1
Basophil count,1418549.0,rs1418549-G,0.052496,1
Basophil count,6722387.0,rs6722387-A,0.057422,2
Basophil count,10930969.0,rs10930969-G,0.038975,2
Eosinophil count,3755397.0,rs3755397-G,0.044874746,2
Eosinophil count,34290285.0,rs34290285-A,0.044891234,2
Eosinophil count,4973659.0,rs4973659-A,0.024317347,2
Eosinophil count,55865625.0,rs55865625-G,0.026674625,3
Eosinophil count,163897.0,rs163897-C,0.017329885,3
Eosinophil count,745974379.0,rs745974379-A,0.020917205,3
Eosinophil count,1695315.0,rs1695315-A,0.03694302,3
Eosinophil count,115820364.0,rs115820364-T,0.036942907,3
Eosinophil count,155583.0,rs155583-T,0.013455213,3
Eosinophil count,56395424.0,rs56395424-A,0.020634351,3
Eosinophil count,2960422.0,rs2960422-A,0.022284076,3
Eosinophil count,9852648.0,rs9852648-G,0.025484255,3
Eosinophil count,7618405.0,rs7618405-A,0.01895763,3
Eosinophil count,6550653.0,rs6550653-G,0.013862796,3
Eosinophil count,13073683.0,rs13073683-C,0.015959898,3
Eosinophil count,1353286.0,rs1353286-G,0.020631757,3
Eosinophil count,7646283.0,rs7646283-T,0.026675893,3
Eosinophil count,7433284.0,rs7433284-A,0.018145844,3
Eosinophil count,2228467.0,rs2228467-C,0.05497323,3
Eosinophil count,138346219.0,rs138346219-G,0.2423528,3
Eosinophil count,199527736.0,rs199527736-A,0.017211335,3
Eosinophil count,6808104.0,rs6808104-G,0.016903609,3
Eosinophil count,34223701.0,rs34223701-AT,0.025212891,3
Eosinophil count,73072483.0,rs73072483-A,0.0285637,3
Eosinophil count,35688352.0,rs35688352-G,0.01861957,3
Body mass index,891124.0,rs891124-?,0.01,16
Body mass index,35914833.0,rs35914833-?,0.02,14
Body mass index,6762267.0,rs6762267-?,0.02,3
Body mass index,7817124.0,rs7817124-?,0.01,8
Smoking status (ever vs never smokers),6762267.0,rs6762267-C,0.0094076,3
Smoking status (ever vs never smokers),542883.0,rs542883-C,0.0079359,2
Intelligence,7993710.0,rs7993710-T,1.8138470656920598,13
Intelligence,942353.0,rs942353-T,2.084553453566012,13
Intelligence,178165.0,rs178165-A,1.78069852186863,14
Intelligence,12885221.0,rs12885221-C,1.8138470656920598,14
Intelligence,1951167.0,rs1951167-A,1.7182923173461826,14
Intelligence,12886584.0,rs12886584-T,1.7476334111854996,14
Intelligence,7149169.0,rs7149169-A,1.731478538343125,14
Intelligence,61996704.0,rs61996704-A,1.741342983314039,14
Intelligence,10129426.0,rs10129426-A,2.0032352156745827,14
Intelligence,72730918.0,rs72730918-T,1.8841867094739821,15
Intelligence,2606146.0,rs2606146-T,1.7105494138025117,15
Intelligence,2665103.0,rs2665103-T,1.7756300872981714,15
Intelligence,11854289.0,rs11854289-T,1.7001922757025645,15
Intelligence,837705.0,rs837705-A,1.7118139790509668,16
Intelligence,72784651.0,rs72784651-T,1.699461415081689,16
Intelligence,72768642.0,rs72768642-T,1.7346598771874822,16
Intelligence,7188873.0,rs7188873-A,1.7236590565241232,16
Intelligence,56354901.0,rs56354901-T,2.0284113705670572,16
Intelligence,153103.0,rs153103-T,1.7657576666890542,16
Intelligence,193628.0,rs193628-T,2.0347056478384444,16
Intelligence,1990634.0,rs1990634-T,1.9052369529878288,16
Intelligence,7203132.0,rs7203132-A,1.9550114633016589,16
Intelligence,17193922.0,rs17193922-C,1.8380067203933748,16
Intelligence,806219.0,rs806219-T,1.8293763327993617,7
Intelligence,3808093.0,rs3808093-A,1.8327414509496753,7
Intelligence,3757771.0,rs3757771-T,1.7500690421738458,7
Intelligence,6467482.0,rs6467482-A,1.7967470107390942,7
Intelligence,35792732.0,rs35792732-T,1.7112722183153684,7
Intelligence,35284403.0,rs35284403-T,1.739061680227606,7
Intelligence,6949831.0,rs6949831-C,1.8136840266438468,7
Intelligence,10954428.0,rs10954428-A,1.8681030358153887,7
Intelligence,12682628.0,rs12682628-T,1.924832423452417,8
Intelligence,12675921.0,rs12675921-A,1.7191887763932197,8
Intelligence,6471325.0,rs6471325-A,1.9351380520734023,8
Intelligence,10965787.0,rs10965787-A,1.7619873108943849,9
Intelligence,4557790.0,rs4557790-A,1.78069852186863,9
Intelligence,10733389.0,rs10733389-A,2.0907523328257027,9
Intelligence,4526443.0,rs4526443-T,2.017167122195332,9
Intelligence,7038525.0,rs7038525-T,1.7845669986465504,9
Intelligence,10966119.0,rs10966119-C,1.7860766860925568,9
Intelligence,7924036.0,rs7924036-T,1.7224093910932619,10
Intelligence,749694.0,rs749694-A,1.9967390499145936,10
Intelligence,2485371.0,rs2485371-T,2.0166348533870235,10
Intelligence,72845660.0,rs72845660-C,1.8162894669713328,10
Intelligence,11191270.0,rs11191270-T,1.9377339577711363,10
Intelligence,10875915.0,rs10875915-T,1.918098391271073,12
Intelligence,7959831.0,rs7959831-T,1.7085590033019076,12
Intelligence,2476729.0,rs2476729-A,1.78858777806242,13
Eosinophil count,9901146.0,rs9901146-G,0.080604,17
Eosinophil count,4870.0,rs4870-G,0.014422,1
Eosinophil count,7518602.0,rs7518602-C,0.022113,1
Eosinophil count,35249183.0,rs35249183-G,0.039991,1
Eosinophil count,75056698.0,rs75056698-C,0.018379066,3
Eosinophil count,4618204.0,rs4618204-C,0.019014962,3
Eosinophil count,79754744.0,rs79754744-G,0.048528645,3
Eosinophil count,9868582.0,rs9868582-T,0.023061503,3
Eosinophil count,74562885.0,rs74562885-C,0.033333927,3
Eosinophil count,12494693.0,rs12494693-A,0.021504436,3
Eosinophil count,2715275.0,rs2715275-G,0.019965438,3
Eosinophil count,10934578.0,rs10934578-T,0.01890252,3
Eosinophil count,6782812.0,rs6782812-A,0.15386826,3
Eosinophil count,9289330.0,rs9289330-G,0.042179126,3
Eosinophil count,191451841.0,rs191451841-T,0.10834369,3
Eosinophil count,112097551.0,rs112097551-A,0.2196529,3
Eosinophil count,34888832.0,rs34888832-G,0.01562048,3
Eosinophil count,111381449.0,rs111381449-G,0.018685862,3
Eosinophil count,1516527.0,rs1516527-C,0.035351098,3
Eosinophil count,4680250.0,rs4680250-G,0.014804706,3
Eosinophil count,36039672.0,rs36039672-A,0.03700796,3
Eosinophil count,191674933.0,rs191674933-T,0.024951473,3
Eosinophil count,3774039.0,rs3774039-A,0.013721438,3
Eosinophil count,6798870.0,rs6798870-A,0.016959425,3
Eosinophil count,78603540.0,rs78603540-ATAT,0.019240052,3
Eosinophil count,9815874.0,rs9815874-T,0.029238677,3
Eosinophil count,11359133.0,rs11359133-T,0.014005311,3
Eosinophil count,7636493.0,rs7636493-A,0.024514642,3
Eosinophil count,9325377.0,rs9325377-G,0.017828042,3
Eosinophil count,7687708.0,rs7687708-G,0.016556729,4
Eosinophil count,9992667.0,rs9992667-T,0.066859394,4
Eosinophil count,78976775.0,rs78976775-C,0.043404043,4
Eosinophil count,57819604.0,rs57819604-A,0.020493971,4
Eosinophil count,17005891.0,rs17005891-A,0.055337287,4
Eosinophil count,113473633.0,rs113473633-G,0.06246349,4
Eosinophil count,141154688.0,rs141154688-C,0.036690556,4
Eosinophil count,2069772.0,rs2069772-C,0.03475721,4
Eosinophil count,1913191.0,rs1913191-T,0.026793795,4
Eosinophil count,7674870.0,rs7674870-G,0.016563723,4
Eosinophil count,11931711.0,rs11931711-T,0.02205774,4
Eosinophil count,2853677.0,rs2853677-A,0.015846886,5
Eosinophil count,10062687.0,rs10062687-G,0.024645543,5
Eosinophil count,16903574.0,rs16903574-G,0.027385704,5
Eosinophil count,4594881.0,rs4594881-T,0.03750701,5
Eosinophil count,4703730.0,rs4703730-T,0.017772496,5
Eosinophil count,34495.0,rs34495-T,0.02038631,5
Eosinophil count,1837253.0,rs1837253-C,0.020959023,5
Eosinophil count,10455025.0,rs10455025-C,0.025610236,5
Eosinophil count,10045577.0,rs10045577-T,0.03918743,5
Eosinophil count,27438.0,rs27438-A,0.048913673,5
Eosinophil count,12515180.0,rs12515180-T,0.031869285,5
Eosinophil count,17622517.0,rs17622517-C,0.035234626,5
Eosinophil count,3833644.0,rs112125244-TTTTG,0.018620627,
Eosinophil count,139939228.0,rs139939228-C,0.13528766,5
Household income (MTAG),62260729.0,rs62260729-C,0.0135868015,3
Household income (MTAG),10965781.0,rs10965781-C,0.013205554,9
Household income (MTAG),4506495.0,rs4506495-C,0.017181229,1
Household income (MTAG),6028090.0,rs6028090-A,0.013018763,20
Household income (MTAG),6459480.0,rs6459480-A,0.012655446,6
Household income (MTAG),4772094.0,rs4772094-T,0.012587472,13
Household income (MTAG),10462335.0,rs10462335-A,0.012875003,5
Household income (MTAG),3738200.0,rs3738200-G,0.017202113,1
Household income (MTAG),28491529.0,rs28491529-G,0.014107862,18
Household income (MTAG),9388490.0,rs9388490-T,0.012601547,6
Household income (MTAG),10165653.0,rs10165653-G,0.012798085,2
Household income (MTAG),56221553.0,rs56221553-G,0.017089585,2
Household income (MTAG),77966298.0,rs77966298-G,0.018734999,2
Household income (MTAG),12122664.0,rs12122664-C,0.013750689,1
Household income (MTAG),1566085.0,rs1566085-T,0.0128175635,8
Household income (MTAG),1440277.0,rs1440277-T,0.013575712,11
Household income (MTAG),11548200.0,rs11548200-C,0.025499033,1
Household income (MTAG),4140762.0,rs4140762-G,0.012445853,12
Household income (MTAG),11808748.0,rs11808748-T,0.01988211,1
Household income (MTAG),1140085.0,rs1140085-A,0.01803245,4
Household income (MTAG),17381294.0,rs17381294-A,0.014048634,1
Household income (MTAG),6429082.0,rs6429082-C,0.012410674,1
Household income (MTAG),10061788.0,rs10061788-A,0.016225446,5
Household income (MTAG),1263412.0,rs1263412-G,0.013471939,4
Household income (MTAG),248682.0,rs248682-A,0.0126695,5
Household income (MTAG),4800490.0,rs4800490-C,0.012317244,18
Household income (MTAG),363096.0,rs363096-C,0.0124521665,4
Household income (MTAG),10798888.0,rs10798888-T,0.0158131,1
Household income (MTAG),1594996.0,rs1594996-C,0.013056141,4
Household income (MTAG),17425572.0,rs17425572-G,0.012648552,9
Household income (MTAG),783301.0,rs783301-T,0.021926954,1
Household income (MTAG),3915398.0,rs3915398-G,0.020192632,11
Household income (MTAG),1038630.0,rs1038630-G,0.015974015,7
Household income (MTAG),2647234.0,rs2647234-C,0.013124438,4
Household income (MTAG),10483349.0,rs10483349-G,0.016772145,14
Household income (MTAG),2256086.0,rs2256086-G,0.013137886,4
Household income (MTAG),4567409.0,rs4567409-G,0.012579985,11
Household income (MTAG),7032484.0,rs7032484-A,0.012646251,9
Household income (MTAG),4745729.0,rs4745729-G,0.018272001,10
Household income (MTAG),4794003.0,rs4794003-T,0.012509748,17
Household income (MTAG),12467104.0,rs12467104-A,0.016252948,2
Household income (MTAG),306755.0,rs306755-C,0.012492657,20
Household income (MTAG),6882046.0,rs6882046-G,0.013953905,5
Household income (MTAG),6430030.0,rs6430030-T,0.012918022,2
Household income (MTAG),4727618.0,rs4727618-A,0.012751501,7
Household income (MTAG),159368.0,rs159368-G,0.014064936,5
Household income (MTAG),131155.0,rs131155-G,0.012432522,22
Household income (MTAG),12442330.0,rs12442330-C,0.012755036,15
Household income (MTAG),10456918.0,rs10456918-C,0.016694512,6
Household income (MTAG),76353274.0,rs76353274-A,0.03953605,2
Intelligence,2526376.0,rs2526376-A,1.7369512327330598,17
Intelligence,740605.0,rs740605-T,1.8495565679542718,17
Intelligence,10853627.0,rs10853627-T,1.820508882514041,18
Intelligence,1078459.0,rs1078459-T,1.969905654611529,18
Intelligence,11663156.0,rs11663156-T,1.8614409924288633,18
Intelligence,13381096.0,rs13381096-A,1.9059806133180779,18
Intelligence,10410601.0,rs10410601-A,1.7052933980776217,19
Intelligence,2208590.0,rs2208590-T,1.8648550242986057,20
Intelligence,6012558.0,rs6012558-A,1.9955163067420747,20
Intelligence,6019537.0,rs6019537-A,2.1312034762384253,20
Intelligence,1115535.0,rs1115535-T,1.8860084801311625,20
Intelligence,237727.0,rs237727-A,1.7159577558117731,20
Intelligence,145104523.0,rs145104523-T,1.8188881366163077,21
Intelligence,5756805.0,rs5756805-T,1.701834761700068,22
Intelligence,2899319.0,rs2899319-A,1.7337771866897078,22
Intelligence,28741121.0,rs28741121-A,1.8884323564883159,22
Intelligence,719440.0,rs719440-T,1.7240158171415354,22
Intelligence,5751191.0,rs5751191-T,1.8064838646264372,22
Intelligence,9607868.0,rs9607868-A,1.7123554464407866,22
Intelligence,2576835.0,rs2576835-A,1.8008843770050555,2
Intelligence,11678106.0,rs11678106-T,1.7681496035889213,2
Intelligence,2309812.0,rs2309812-T,2.08281085914944,2
Intelligence,10189912.0,rs10189912-A,1.9136820731848596,2
Intelligence,6436555.0,rs6436555-A,1.937013548547558,2
Eosinophil count,12042978.0,rs12042978-C,0.01283,1
Eosinophil count,2502995.0,rs2502995-C,0.021853,1
Eosinophil count,34349689.0,rs34349689-I,0.01591,1
Eosinophil count,1071849.0,rs1071849-G,0.018334,1
Eosinophil count,76022305.0,rs76022305-T,0.034651,1
Eosinophil count,4653102.0,rs4653102-C,0.016332,1
Eosinophil count,476012.0,rs476012-A,0.012401,1
Eosinophil count,1004870.0,rs1004870-T,0.026184,1
Eosinophil count,12408934.0,rs12408934-A,0.041319,1
Eosinophil count,41313381.0,rs41313381-A,0.050131,1
Eosinophil count,6684992.0,rs6684992-T,0.037659,1
Eosinophil count,56034708.0,rs56034708-A,0.019107,1
Eosinophil count,35797862.0,rs35797862-I,0.023425,1
Eosinophil count,111759324.0,rs111759324-T,0.043024,1
Eosinophil count,200014787.0,rs200014787-D,0.015271,1
Eosinophil count,2793925.0,rs2793925-A,0.016722,1
Eosinophil count,,chr1:145084450-D,0.024322,
Eosinophil count,11204682.0,rs11204682-T,0.041331,1
Eosinophil count,10556717.0,rs755587908-D,0.015947,1
Eosinophil count,34448954.0,rs34448954-T,0.025253,1
Eosinophil count,1214598.0,rs1214598-A,0.018148,1
Eosinophil count,6672031.0,rs6672031-G,0.020115,1
Eosinophil count,4652560.0,rs4652560-T,0.015397,1
Eosinophil count,1036332.0,rs1036332-C,0.032696,1
Eosinophil count,,chr1:204483845-D,0.017539,
Eosinophil count,11583398.0,rs11583398-A,0.020369,1
Eosinophil count,1414517.0,rs1414517-G,0.024977,1
Eosinophil count,1289273.0,rs1289273-G,0.015909,1
Eosinophil count,4148757.0,rs4148757-C,0.017147,1
Eosinophil count,346835.0,rs346835-T,0.02669,2
Eosinophil count,11695281.0,rs11695281-T,0.022977,2
Eosinophil count,1396836.0,rs1396836-C,0.014813,2
Eosinophil count,336033.0,rs336033-G,0.013768,2
Eosinophil count,149290349.0,rs149290349-A,0.027093,2
Eosinophil count,7602992.0,rs7602992-G,0.015543,2
Eosinophil count,778756.0,rs778756-G,0.015959,2
Eosinophil count,7569084.0,rs7569084-T,0.018707,2
Eosinophil count,13033745.0,rs13033745-T,0.013508,2
Eosinophil count,2160783.0,rs2160783-G,0.015944,2
Eosinophil count,11126424.0,rs11126424-C,0.015598,2
Eosinophil count,13007211.0,rs13007211-T,0.017454,2
Eosinophil count,12466317.0,rs12466317-A,0.027617,2
Eosinophil count,144562456.0,rs144562456-C,0.027913,2
Eosinophil count,2579506.0,rs2579506-A,0.047465,2
Eosinophil count,9807989.0,rs9807989-C,0.07986,2
Eosinophil count,6747023.0,rs6747023-G,0.015871,2
Eosinophil count,72836346.0,rs72836346-C,0.069879,2
Eosinophil count,925966.0,rs925966-G,0.018295,2
Eosinophil count,79716587.0,rs79716587-A,0.024455,2
Eosinophil count,1427499.0,rs1427499-G,0.018666,2
Eosinophil count,151062078.0,rs151062078-D,0.015255,2
Eosinophil count,10195713.0,rs10195713-T,0.02494,2
Eosinophil count,,chr2:161086737-D,0.016228,
Eosinophil count,2111485.0,rs2111485-G,0.016185,2
Eosinophil count,10930337.0,rs10930337-T,0.01471,2
Eosinophil count,6731125.0,rs6731125-C,0.017166,2
Eosinophil count,6741307.0,rs6741307-T,0.014022,2
Eosinophil count,4675360.0,rs4675360-T,0.047611,2
Eosinophil count,715.0,rs715-C,0.017524,2
Eosinophil count,6750754.0,rs6750754-G,0.063977,2
Eosinophil count,13023767.0,rs13023767-G,0.021503,2
Eosinophil count,1057258.0,rs1057258-T,0.032126,2
Eosinophil count,2326005.0,rs2326005-A,0.01311,2
Eosinophil count,4676410.0,rs4676410-A,0.015626,2
Eosinophil count,34290285.0,rs34290285-A,0.045886,2
Eosinophil count,1695315.0,rs1695315-A,0.03387,3
Eosinophil count,115820364.0,rs115820364-T,0.045311,3
Eosinophil count,2920505.0,rs2920505-A,0.029644,3
Eosinophil count,7613595.0,rs7613595-C,0.023265,3
Eosinophil count,62238493.0,rs62238493-A,0.015813,3
Eosinophil count,322692.0,rs322692-A,0.016125,3
Eosinophil count,1353286.0,rs1353286-G,0.020226,3
Eosinophil count,7646283.0,rs7646283-T,0.025996,3
Eosinophil count,2228467.0,rs2228467-C,0.062272,3
Eosinophil count,547055536.0,rs547055536-G,0.254115,3
Eosinophil count,1986009.0,rs1986009-A,0.082144655,5
Eosinophil count,749891445.0,rs749891445-T,0.3654107,5
Eosinophil count,4705963.0,rs4705963-G,0.024285747,5
Eosinophil count,244676.0,rs244676-C,0.026023345,5
Eosinophil count,5742913.0,rs5742913-A,0.031228742,5
Eosinophil count,34317837.0,rs34317837-A,0.021714708,5
Eosinophil count,252128.0,rs252128-C,0.015722774,5
Eosinophil count,10699671.0,rs10699671-AAGG,0.037620433,5
Eosinophil count,11739101.0,rs11739101-T,0.01944229,5
Eosinophil count,7705013.0,rs7705013-A,0.01850333,5
Eosinophil count,56330463.0,rs56330463-C,0.04010975,5
Eosinophil count,6580586.0,rs6580586-C,0.023481077,5
Eosinophil count,960709.0,rs960709-G,0.023164537,5
Eosinophil count,450067.0,rs450067-T,0.015914168,5
Eosinophil count,35438341.0,rs35438341-T,0.0214221,5
Eosinophil count,149990982.0,rs149990982-C,0.019851906,5
Eosinophil count,9313497.0,rs9313497-C,0.03319888,5
Eosinophil count,62385501.0,rs62385501-A,0.014994032,5
Eosinophil count,75049939.0,rs75049939-G,0.015589803,5
Eosinophil count,6556313.0,rs6556313-G,0.019359725,5
Eosinophil count,6904506.0,rs6904506-C,0.042965956,6
Eosinophil count,1511159.0,rs1511159-T,0.025459744,6
Eosinophil count,2797305.0,rs2797305-T,0.025800988,6
Eosinophil count,9328192.0,rs9328192-G,0.014043241,6
Eosinophil count,13192740.0,rs13192740-T,0.02232986,6
Household income (MTAG),1866823.0,rs1866823-A,0.012054117,8
Household income (MTAG),62081465.0,rs62081465-C,0.014473228,18
Household income (MTAG),17414302.0,rs17414302-A,0.020799998,1
Household income (MTAG),512579.0,rs512579-C,0.0157451,1
Household income (MTAG),12969597.0,rs12969597-A,0.0119917225,18
Household income (MTAG),656131.0,rs656131-C,0.012891854,1
Household income (MTAG),35207189.0,rs35207189-G,0.012336536,13
Household income (MTAG),860735.0,rs860735-C,0.0125354305,20
Household income (MTAG),264038.0,rs264038-C,0.0119759,1
Household income (MTAG),36022378.0,rs36022378-C,0.015006389,3
Household income (MTAG),12915704.0,rs12915704-T,0.01204549,15
Household income (MTAG),7144329.0,rs7144329-G,0.012105165,14
Household income (MTAG),56194430.0,rs56194430-T,0.016086131,5
Household income (MTAG),7025335.0,rs7025335-G,0.012019797,9
Household income (MTAG),3106323.0,rs3106323-C,0.011945372,4
Household income (MTAG),784219.0,rs784219-A,0.021422356,18
Household income (MTAG),60658082.0,rs60658082-T,0.011896684,18
Household income (MTAG),1421334.0,rs1421334-C,0.011925409,8
Household income (MTAG),73080339.0,rs73080339-G,0.024337977,3
Household income (MTAG),13246732.0,rs13246732-T,0.012850533,7
Household income (MTAG),9342115.0,rs9342115-C,0.021714892,6
Household income (MTAG),62167901.0,rs62167901-A,0.018674007,2
Household income (MTAG),78689878.0,rs78689878-A,0.03480868,4
Household income (MTAG),7793739.0,rs7793739-T,0.011861118,7
Household income (MTAG),10780467.0,rs10780467-T,0.011969681,9
Household income (MTAG),12640626.0,rs12640626-A,0.01239576,4
Household income (MTAG),11022505.0,rs11022505-G,0.012364928,11
Household income (MTAG),2798287.0,rs2798287-A,0.012299422,4
Household income (MTAG),4837905.0,rs4837905-T,0.013537678,9
Household income (MTAG),4799936.0,rs4799936-A,0.013260417,18
Household income (MTAG),10953765.0,rs10953765-A,0.012314295,7
Household income (MTAG),79785879.0,rs79785879-C,0.038665663,2
Household income (MTAG),12274865.0,rs12274865-T,0.012366145,11
Household income (MTAG),7602370.0,rs7602370-T,0.012272791,2
Household income (MTAG),10502675.0,rs10502675-T,0.013618511,18
Household income (MTAG),34761644.0,rs34761644-C,0.016436404,10
Household income (MTAG),13006489.0,rs13006489-C,0.012291372,2
Household income (MTAG),62182993.0,rs62182993-A,0.013229568,2
Household income (MTAG),4772092.0,rs4772092-G,0.012587978,13
Household income (MTAG),28558559.0,rs28558559-C,0.019359034,6
Household income (MTAG),56081191.0,rs56081191-A,0.02290169,6
Household income (MTAG),35368417.0,rs35368417-C,0.012263741,13
Household income (MTAG),362307.0,rs362307-T,0.023529777,4
Household income (MTAG),12919058.0,rs12919058-A,0.012806224,16
Household income (MTAG),10830568.0,rs10830568-A,0.012134515,11
Household income (MTAG),12531825.0,rs12531825-A,0.018386783,7
Household income (MTAG),243077.0,rs243077-G,0.012211269,2
Household income (MTAG),12188937.0,rs12188937-C,0.012080989,5
Household income (MTAG),3769983.0,rs3769983-A,0.012045813,2
Household income (MTAG),9527727.0,rs9527727-C,0.013144938,13
High light scatter reticulocyte percentage of red cells,35827475.0,rs35827475-CTT,0.0154639045,19
High light scatter reticulocyte percentage of red cells,35115269.0,rs35115269-G,0.015001967,19
High light scatter reticulocyte percentage of red cells,10408351.0,rs10408351-A,0.01787518,19
High light scatter reticulocyte percentage of red cells,7251505.0,rs7251505-A,0.027145455,19
High light scatter reticulocyte percentage of red cells,1609909.0,rs1609909-G,0.018313367,19
High light scatter reticulocyte percentage of red cells,28659908.0,rs28659908-C,0.03177024,19
High light scatter reticulocyte percentage of red cells,149698066.0,rs149698066-A,0.14083433,19
High light scatter reticulocyte percentage of red cells,12602.0,rs12602-C,0.015820306,19
High light scatter reticulocyte percentage of red cells,1065853.0,rs1065853-T,0.082768306,19
High light scatter reticulocyte percentage of red cells,554632176.0,rs554632176-C,0.016077165,19
High light scatter reticulocyte percentage of red cells,12973221.0,rs12973221-A,0.023302762,19
High light scatter reticulocyte percentage of red cells,61751862.0,rs61751862-C,0.09288416,19
High light scatter reticulocyte percentage of red cells,11541192.0,rs11541192-A,0.035192855,19
High light scatter reticulocyte percentage of red cells,17272694.0,rs17272694-T,0.08571016,19
High light scatter reticulocyte percentage of red cells,12983058.0,rs12983058-T,0.014136799,19
High light scatter reticulocyte percentage of red cells,35112940.0,rs35112940-A,0.016934084,19
High light scatter reticulocyte percentage of red cells,892090.0,rs892090-G,0.031443425,19
High light scatter reticulocyte percentage of red cells,6136493.0,rs6136493-G,0.019353054,20
High light scatter reticulocyte percentage of red cells,615568.0,rs615568-T,0.01433931,20
High light scatter reticulocyte percentage of red cells,2250106.0,rs2250106-G,0.023463571,20
High light scatter reticulocyte percentage of red cells,1630688.0,rs1630688-T,0.045512356,20
High light scatter reticulocyte percentage of red cells,148311724.0,rs148311724-A,0.05578141,20
High light scatter reticulocyte percentage of red cells,6084653.0,rs6084653-G,0.19145766,20
High light scatter reticulocyte percentage of red cells,45610331.0,rs45610331-A,0.04033939,20
High light scatter reticulocyte percentage of red cells,17220872.0,rs17220872-T,0.03999562,20
High light scatter reticulocyte percentage of red cells,1476576.0,rs1476576-C,0.01945412,22
High light scatter reticulocyte percentage of red cells,55650691.0,rs55650691-A,0.064330794,22
High light scatter reticulocyte percentage of red cells,138645938.0,rs138645938-C,0.03650991,22
High light scatter reticulocyte percentage of red cells,7078.0,rs7078-G,0.015976725,22
High light scatter reticulocyte percentage of red cells,2076085.0,rs2076085-A,0.027167533,22
High light scatter reticulocyte percentage of red cells,2899319.0,rs2899319-C,0.01765451,22
High light scatter reticulocyte percentage of red cells,11547731.0,rs11547731-C,0.01754449,22
High light scatter reticulocyte percentage of red cells,140522.0,rs140522-C,0.018388445,22
High light scatter reticulocyte percentage of red cells,112563712.0,rs112563712-G,0.08027844,X
High light scatter reticulocyte percentage of red cells,11797190.0,rs11797190-T,0.023905162,X
High light scatter reticulocyte percentage of red cells,5918137.0,rs5918137-C,0.019827776,X
High light scatter reticulocyte percentage of red cells,761059654.0,rs761059654-CA,0.029438602,X
High light scatter reticulocyte percentage of red cells,36072155.0,rs36072155-A,0.03745355,X
High light scatter reticulocyte percentage of red cells,55705705.0,rs55705705-C,0.02472651,X
High light scatter reticulocyte percentage of red cells,12400785.0,rs12400785-T,0.014749744,X
High light scatter reticulocyte percentage of red cells,2782225.0,rs2782225-C,0.011188594,X
High light scatter reticulocyte percentage of red cells,6655282.0,rs6655282-A,0.034879386,X
Immature fraction of reticulocytes,11844552.0,rs11844552-G,0.084520176,14
Immature fraction of reticulocytes,11628569.0,rs11628569-G,0.024637207,14
Immature fraction of reticulocytes,73354327.0,rs73354327-C,0.026166612,14
Immature fraction of reticulocytes,12894531.0,rs12894531-A,0.014990981,14
Immature fraction of reticulocytes,1822201.0,rs1822201-G,0.033076875,15
Immature fraction of reticulocytes,35997243.0,rs35997243-C,0.09850402,15
Immature fraction of reticulocytes,3816988.0,rs3816988-C,0.019664839,15
Immature fraction of reticulocytes,4074448.0,rs4074448-A,0.016604282,15
High light scatter reticulocyte percentage of red cells,2145270.0,rs2145270-T,0.013197749,20
High light scatter reticulocyte percentage of red cells,1883932.0,rs1883932-T,0.014698208,20
High light scatter reticulocyte percentage of red cells,1997814.0,rs1997814-G,0.01495677,20
High light scatter reticulocyte percentage of red cells,35722701.0,rs35722701-G,0.029141508,20
High light scatter reticulocyte percentage of red cells,80139154.0,rs80139154-C,0.037460085,20
High light scatter reticulocyte percentage of red cells,11305733.0,rs11305733-C,0.022046037,20
High light scatter reticulocyte percentage of red cells,2425044.0,rs2425044-T,0.026117243,20
High light scatter reticulocyte percentage of red cells,2145943.0,rs2145943-G,0.030603474,20
High light scatter reticulocyte percentage of red cells,826952.0,rs826952-C,0.023211068,20
High light scatter reticulocyte percentage of red cells,6018151.0,rs6018151-T,0.013127501,20
High light scatter reticulocyte percentage of red cells,71184267.0,rs568311635-TA,0.015906047,20
High light scatter reticulocyte percentage of red cells,66678311.0,rs66678311-G,0.02152793,20
High light scatter reticulocyte percentage of red cells,145910606.0,rs145910606-T,0.13937742,20
High light scatter reticulocyte percentage of red cells,117963839.0,rs117963839-T,0.03870231,20
High light scatter reticulocyte percentage of red cells,376911010.0,rs376911010-T,0.36536828,20
High light scatter reticulocyte percentage of red cells,1555272.0,rs1555272-C,0.0151692815,20
High light scatter reticulocyte percentage of red cells,415064.0,rs415064-C,0.046363372,20
High light scatter reticulocyte percentage of red cells,34259616.0,rs34259616-A,0.01897158,20
High light scatter reticulocyte percentage of red cells,34191159.0,rs34191159-A,0.03754514,21
High light scatter reticulocyte percentage of red cells,419208.0,rs419208-A,0.013959087,22
High light scatter reticulocyte percentage of red cells,5997982.0,rs5997982-T,0.033170506,22
High light scatter reticulocyte percentage of red cells,5754422.0,rs5754422-G,0.03164564,22
High light scatter reticulocyte percentage of red cells,5763079.0,rs5763079-C,0.023081852,22
High light scatter reticulocyte percentage of red cells,4611747.0,rs4611747-T,0.025923232,22
High light scatter reticulocyte percentage of red cells,57792760.0,rs57792760-TTGTGTG,0.015741164,22
Immature fraction of reticulocytes,939974.0,rs939974-G,0.019713355,15
Immature fraction of reticulocytes,12909648.0,rs12909648-A,0.015016067,15
Immature fraction of reticulocytes,3785309.0,rs3785309-T,0.031529266,16
Immature fraction of reticulocytes,6500601.0,rs6500601-C,0.015594397,16
Immature fraction of reticulocytes,145980981.0,rs145980981-A,0.06489626,16
Immature fraction of reticulocytes,71148950.0,rs71148950-C,0.017418463,16
Immature fraction of reticulocytes,12445172.0,rs12445172-G,0.020636378,16
Immature fraction of reticulocytes,201226914.0,rs201226914-T,0.17521653,16
Immature fraction of reticulocytes,117565673.0,rs117565673-C,0.03283996,16
Immature fraction of reticulocytes,11382300.0,rs11382300-GT,0.016853174,16
Immature fraction of reticulocytes,34157498.0,rs112843870-TA,0.013246074,
Immature fraction of reticulocytes,7221547.0,rs7221547-G,0.02332822,17
Immature fraction of reticulocytes,3217198.0,rs3217198-C,0.036685217,17
Immature fraction of reticulocytes,10083830.0,rs10083830-A,0.020038286,17
Immature fraction of reticulocytes,8067342.0,rs8067342-T,0.03354099,17
Immature fraction of reticulocytes,7215815.0,rs7215815-G,0.015923824,17
Immature fraction of reticulocytes,6803.0,rs6803-T,0.052589174,17
Immature fraction of reticulocytes,142414016.0,rs142414016-G,0.026497502,17
Immature fraction of reticulocytes,199663871.0,rs199663871-A,0.15540248,17
Immature fraction of reticulocytes,74505413.0,rs74505413-G,0.03727534,17
Immature fraction of reticulocytes,397773316.0,rs397773316-GA,0.021340834,17
Immature fraction of reticulocytes,4796724.0,rs4796724-C,0.054248005,17
Immature fraction of reticulocytes,75379794.0,rs75379794-A,0.040598854,17
Immature fraction of reticulocytes,1476512.0,rs1476512-T,0.0197614,17
Immature fraction of reticulocytes,112568425.0,rs112568425-G,0.02036243,17
Monocyte count,11584009.0,rs11584009-G,0.174822,1
Monocyte count,12544501.0,rs12544501-T,0.075337,8
Monocyte count,13029144.0,rs13029144-C,0.130382,2
Monocyte count,2335236.0,rs2335236-C,0.075448,3
Monocyte count,2814778.0,rs2814778-T,0.324195,1
Monocyte count,4387163.0,rs4387163-G,0.161157,1
Monocyte count,4845624.0,rs4845624-G,0.143643,1
Monocyte count,567880204.0,rs567880204-T,0.205004,9
Monocyte count,7522777.0,rs7522777-C,0.234326,1
Monocyte count,75348188.0,rs75348188-C,0.141961,1
Monocyte count,10896816.0,rs10896816-A,0.015184,11
Monocyte count,6591578.0,rs6591578-A,0.021869,11
Monocyte count,4980525.0,rs4980525-A,0.012921,11
Monocyte count,2308217.0,rs2308217-I,0.020565,11
Monocyte count,10796828.0,rs10796828-G,0.017973,11
Monocyte count,11235689.0,rs11235689-T,0.016087,11
Monocyte count,,chr11:88043617-D,0.028678,
Immature fraction of reticulocytes,74401481.0,rs74401481-T,0.09141576,19
Immature fraction of reticulocytes,61731111.0,rs61731111-T,0.063954964,19
Immature fraction of reticulocytes,8887.0,rs8887-C,0.061340146,19
Immature fraction of reticulocytes,11667816.0,rs11667816-A,0.019381747,19
Immature fraction of reticulocytes,2913974.0,rs2913974-C,0.01945266,19
Immature fraction of reticulocytes,55818584.0,rs55818584-A,0.026751902,19
Immature fraction of reticulocytes,117064827.0,rs117064827-G,0.08099172,19
Immature fraction of reticulocytes,9797854.0,rs9797854-T,0.049135007,19
Immature fraction of reticulocytes,12980879.0,rs12980879-A,0.2513927,19
Immature fraction of reticulocytes,12979620.0,rs12979620-G,0.07091649,19
Immature fraction of reticulocytes,7254114.0,rs7254114-C,0.023849383,19
Immature fraction of reticulocytes,11672387.0,rs11672387-G,0.023488559,19
Immature fraction of reticulocytes,117111916.0,rs117111916-T,0.035293907,19
Immature fraction of reticulocytes,4808272.0,rs4808272-A,0.0160737,19
Immature fraction of reticulocytes,4808105.0,rs4808105-C,0.018647633,19
Immature fraction of reticulocytes,10402931.0,rs10402931-A,0.021845862,19
Immature fraction of reticulocytes,10408351.0,rs10408351-A,0.023371551,19
Immature fraction of reticulocytes,1609909.0,rs1609909-G,0.01831252,19
Immature fraction of reticulocytes,28659908.0,rs28659908-C,0.027175192,19
Immature fraction of reticulocytes,113386919.0,rs113386919-T,0.020188725,19
Immature fraction of reticulocytes,149698066.0,rs149698066-A,0.12044967,19
Immature fraction of reticulocytes,1065853.0,rs1065853-T,0.0810815,19
Immature fraction of reticulocytes,11670562.0,rs11670562-C,0.01672398,19
Immature fraction of reticulocytes,150954567.0,rs150954567-A,0.03462756,19
Immature fraction of reticulocytes,12973221.0,rs12973221-A,0.026650997,19
Immature fraction of reticulocytes,5997982.0,rs5997982-T,0.04186674,22
Immature fraction of reticulocytes,9608698.0,rs9608698-C,0.01383104,22
Immature fraction of reticulocytes,134593.0,rs134593-T,0.016862141,22
Immature fraction of reticulocytes,11704551.0,rs11704551-T,0.018306829,22
Immature fraction of reticulocytes,150151289.0,rs150151289-CA,0.04607254,22
Immature fraction of reticulocytes,1476576.0,rs1476576-C,0.018850679,22
Immature fraction of reticulocytes,855791.0,rs855791-G,0.016410572,22
Immature fraction of reticulocytes,55644816.0,rs572740451-A,0.0136221675,22
Immature fraction of reticulocytes,186351547.0,rs186351547-G,0.06158563,X
Immature fraction of reticulocytes,5963214.0,rs5963214-T,0.021127945,X
Immature fraction of reticulocytes,12559140.0,rs12559140-G,0.018263536,X
Immature fraction of reticulocytes,61021973.0,rs139196246-G,0.014905532,X
Immature fraction of reticulocytes,34862123.0,rs34862123-C,0.027263796,X
Immature fraction of reticulocytes,139213493.0,rs139213493-A,0.032756172,X
Immature fraction of reticulocytes,1569419.0,rs1569419-C,0.019441457,1
Immature fraction of reticulocytes,1175550.0,rs1175550-G,0.0348624,1
Immature fraction of reticulocytes,829396.0,rs829396-C,0.03963967,1
Immature fraction of reticulocytes,17423390.0,rs17423390-T,0.046352737,1
Immature fraction of reticulocytes,11810751.0,rs11810751-C,0.029661149,1
Immature fraction of reticulocytes,6679838.0,rs6679838-A,0.021545397,1
Immature fraction of reticulocytes,61775180.0,rs61775180-T,0.03554708,1
Immature fraction of reticulocytes,35343437.0,rs35343437-G,0.013529725,1
Immature fraction of reticulocytes,10890232.0,rs10890232-T,0.015677728,1
Immature fraction of reticulocytes,17853159.0,rs17853159-A,0.055617664,1
Immature fraction of reticulocytes,61791369.0,rs61791369-A,0.024934255,1
Immature fraction of reticulocytes,3897877.0,rs3897877-T,0.020741541,17
Immature fraction of reticulocytes,549579958.0,rs549579958-C,0.21987954,17
Immature fraction of reticulocytes,556197358.0,rs556197358-A,0.018056924,17
Immature fraction of reticulocytes,93075.0,rs93075-G,0.022058487,17
Immature fraction of reticulocytes,3794738.0,rs3794738-T,0.02768015,17
Immature fraction of reticulocytes,2748424.0,rs2748424-G,0.02754304,17
Immature fraction of reticulocytes,560755235.0,rs560755235-CT,0.029819023,17
Immature fraction of reticulocytes,10642898.0,rs10642898-CCCG,0.024523478,17
Immature fraction of reticulocytes,1968014.0,rs1968014-G,0.022105895,17
Immature fraction of reticulocytes,2361710.0,rs2361710-C,0.02701668,17
Immature fraction of reticulocytes,33969048.0,rs33969048-A,0.18536018,18
Immature fraction of reticulocytes,56282762.0,rs56282762-T,0.16033474,18
Immature fraction of reticulocytes,10460032.0,rs10460032-G,0.020717103,18
Immature fraction of reticulocytes,3819179.0,rs3819179-A,0.04172062,18
Immature fraction of reticulocytes,12963943.0,rs12963943-T,0.018629597,18
Immature fraction of reticulocytes,72915668.0,rs72915668-G,0.02915053,18
Immature fraction of reticulocytes,72966926.0,rs72966926-A,0.01957877,18
Immature fraction of reticulocytes,34875178.0,rs34875178-T,0.022784442,18
Immature fraction of reticulocytes,1651886.0,rs1651886-C,0.02347778,19
Immature fraction of reticulocytes,2930883.0,rs2930883-T,0.024395399,19
Immature fraction of reticulocytes,77971861.0,rs77971861-G,0.073615484,19
Immature fraction of reticulocytes,111932385.0,rs111932385-A,0.13430895,19
Immature fraction of reticulocytes,1683587.0,rs1683587-C,0.04501284,19
Immature fraction of reticulocytes,62132342.0,rs62132342-G,0.026887365,19
Immature fraction of reticulocytes,11084888.0,rs11084888-A,0.029790236,19
Immature fraction of reticulocytes,61751862.0,rs61751862-C,0.0915634,19
Immature fraction of reticulocytes,73061632.0,rs73061632-A,0.022403352,19
Immature fraction of reticulocytes,62127977.0,rs62127977-A,0.05457092,19
Immature fraction of reticulocytes,156355.0,rs156355-C,0.01439353,20
Immature fraction of reticulocytes,6136493.0,rs6136493-G,0.015170171,20
Immature fraction of reticulocytes,615568.0,rs615568-T,0.017941445,20
Immature fraction of reticulocytes,3803956.0,rs3803956-T,0.017481463,20
Immature fraction of reticulocytes,6515865.0,rs6515865-C,0.032842804,20
Immature fraction of reticulocytes,6084653.0,rs6084653-G,0.1400432,20
Immature fraction of reticulocytes,1124983.0,rs1124983-C,0.029853974,20
Immature fraction of reticulocytes,4815663.0,rs4815663-G,0.026519239,20
Immature fraction of reticulocytes,1884902.0,rs1884902-T,0.013879984,20
Immature fraction of reticulocytes,1997814.0,rs1997814-G,0.016144482,20
Immature fraction of reticulocytes,78358631.0,rs78358631-T,0.028323943,20
Immature fraction of reticulocytes,112572629.0,rs112572629-G,0.03855229,20
Immature fraction of reticulocytes,11305733.0,rs11305733-C,0.026040237,20
Immature fraction of reticulocytes,2425044.0,rs2425044-T,0.021986285,20
Immature fraction of reticulocytes,2145943.0,rs2145943-G,0.021862812,20
Immature fraction of reticulocytes,201058905.0,rs201058905-A,0.02564537,20
Immature fraction of reticulocytes,34417222.0,rs34417222-T,0.016023964,20
Immature fraction of reticulocytes,145910606.0,rs145910606-T,0.09435502,20
Immature fraction of reticulocytes,11546711.0,rs11546711-C,0.033711538,20
Immature fraction of reticulocytes,6014993.0,rs6014993-G,0.020738449,20
Immature fraction of reticulocytes,6011208.0,rs6011208-T,0.034838896,20
Immature fraction of reticulocytes,34191159.0,rs34191159-A,0.027834127,21
Monocyte count,754388.0,rs754388-C,0.030305,14
Monocyte count,11629297.0,rs11629297-G,0.061045,14
Monocyte count,11856829.0,rs11856829-T,0.012268,15
Monocyte count,62018159.0,rs62018159-A,0.015004,15
Monocyte count,1002774.0,rs1002774-A,0.053992,15
Monocyte count,12595562.0,rs12595562-C,0.017802,15
Monocyte count,6493575.0,rs6493575-T,0.01218,15
Monocyte count,7180079.0,rs7180079-G,0.059435,15
Monocyte count,660931.0,rs660931-T,0.023793,15
Monocyte count,371673613.0,rs371673613-D,0.02365,15
Monocyte count,7180804.0,rs7180804-A,0.077442,15
Monocyte count,,chr15:86181996-D,0.015695,
Monocyte count,73467599.0,rs73467599-C,0.018458,15
Monocyte count,12929950.0,rs12929950-A,0.028783,16
Monocyte count,1967309.0,rs1967309-G,0.022132,16
Monocyte count,12325238.0,rs12325238-A,0.017399,16
Monocyte count,4788046.0,rs4788046-A,0.015588,16
Monocyte count,7196129.0,rs7196129-C,0.025016,16
Monocyte count,11644125.0,rs11644125-T,0.019445,16
Monocyte count,12935169.0,rs12935169-C,0.06158,16
Monocyte count,12924604.0,rs12924604-A,0.017272,16
Monocyte count,12930850.0,rs12930850-G,0.012604,16
Monocyte count,247826.0,rs247826-T,0.033986,16
Monocyte count,369173.0,rs369173-G,0.089406,16
Monocyte count,837763.0,rs837763-T,0.013992,16
Monocyte count,140501712.0,rs140501712-I,0.016893,11
Monocyte count,,chr11:101760183-D,0.024476,
Monocyte count,10665850.0,rs10665850-I,0.016456,11
Monocyte count,2846630.0,rs2846630-A,0.013888,11
Monocyte count,964184.0,rs964184-C,0.019837,11
Monocyte count,143034248.0,rs143034248-C,0.120725,11
Monocyte count,,chr11:120217973-D,0.014317,
Monocyte count,67575951.0,rs67575951-C,0.024089,11
Monocyte count,11602323.0,rs11602323-G,0.06519,11
Monocyte count,4937122.0,rs4937122-G,0.023591,11
Monocyte count,12575164.0,rs12575164-C,0.02762,11
Monocyte count,34038797.0,rs34038797-G,0.019441,12
Monocyte count,10849020.0,rs10849020-G,0.024066,12
Monocyte count,10849448.0,rs10849448-G,0.050144,12
Monocyte count,2734442.0,rs2734442-A,0.041999,12
Monocyte count,10845585.0,rs10845585-G,0.013332,12
Monocyte count,113681054.0,rs113681054-C,0.016482,12
Monocyte count,4082413.0,rs4082413-G,0.01535,12
Monocyte count,2651369.0,rs2651369-G,0.014146,12
Monocyte count,1700159.0,rs1700159-T,0.020438,12
Monocyte count,35979828.0,rs35979828-T,0.046061,12
Monocyte count,7964492.0,rs7964492-C,0.021523,12
Monocyte count,1800973.0,rs1800973-A,0.113424,12
Monocyte count,,chr12:80292938-D,0.023513,
Monocyte count,11104881.0,rs11104881-C,0.015568,12
Monocyte count,10777167.0,rs10777167-A,0.01913,12
Monocyte count,10860738.0,rs10860738-A,0.012812,12
Monocyte count,1609860.0,rs1609860-A,0.023587,12
Monocyte count,12312487.0,rs12312487-A,0.028446,12
Monocyte count,7298565.0,rs7298565-A,0.015866,12
Monocyte count,76309426.0,rs76309426-C,0.078052,12
Monocyte count,3184504.0,rs3184504-C,0.047075,12
Monocyte count,60109929.0,rs60109929-A,0.031628,12
Monocyte count,58105891.0,rs749140768-D,0.02482,12
Monocyte count,61931988.0,rs61931988-C,0.014829,12
Monocyte count,145096717.0,rs145096717-A,0.430494,13
Monocyte count,1028938.0,rs1028938-T,0.012109,13
Monocyte count,1892548.0,rs1892548-C,0.062797,13
Monocyte count,7996207.0,rs7996207-A,0.020486,13
Monocyte count,73217470.0,rs73217470-G,0.064788,13
Monocyte count,41286076.0,rs41286076-T,0.014473,13
Monocyte count,60699901.0,rs60699901-C,0.021517,13
Monocyte count,374039502.0,rs374039502-A,0.116206,13
Monocyte count,36055714.0,rs36055714-C,0.026467,13
Monocyte count,2183246.0,rs2183246-T,0.01377,13
Monocyte count,2239630.0,rs2239630-G,0.048843,14
Monocyte count,2038700.0,rs2038700-C,0.039975,14
Monocyte count,7148739.0,rs7148739-T,0.03038,14
Monocyte count,78689181.0,rs138841053-C,0.012288,14
Monocyte count,,chr14:75325545-D,0.018494,
Monocyte count,9606618.0,rs9606618-A,0.570705,22
Monocyte count,2238782.0,rs2238782-G,0.019942,22
Monocyte count,2329483.0,rs2329483-T,0.015586,22
Monocyte count,,chr22:21929920-D,0.015875,
Monocyte count,34505104.0,rs34505104-G,0.033131,22
Monocyte count,11705555.0,rs11705555-C,0.014651,22
Monocyte count,9625746.0,rs9625746-C,0.021263,22
Monocyte count,,chr22:32322995-D,0.020653,
Monocyte count,11914001.0,rs11914001-A,0.028602,22
Monocyte count,1807582.0,rs1807582-A,0.024112,22
Monocyte count,371328828.0,rs371328828-I,0.017124,22
Monocyte count,47341.0,rs47341-T,0.031081,22
Monocyte count,11914048.0,rs11914048-C,0.01638,22
Monocyte count,763127.0,rs763127-T,0.018506,22
Monocyte count,131785.0,rs131785-A,0.014793,22
Monocyte count,2072732.0,rs2072732-C,0.021259,1
Monocyte count,7516138.0,rs7516138-G,0.022592,1
Monocyte count,,chr1:23605285-D,0.016746,
Monocyte count,11247908.0,rs11247908-A,0.029245,1
Monocyte count,41284294.0,rs41284294-C,0.079853,1
Immature fraction of reticulocytes,56410424.0,rs56410424-T,0.022722019,5
Immature fraction of reticulocytes,160919.0,rs160919-A,0.01524625,5
Immature fraction of reticulocytes,5868014.0,rs5868014-G,0.02176919,5
Immature fraction of reticulocytes,10039206.0,rs10039206-C,0.015649853,5
Immature fraction of reticulocytes,139563996.0,rs139563996-T,0.019091755,5
Immature fraction of reticulocytes,10067881.0,rs10067881-A,0.059802502,5
Immature fraction of reticulocytes,897877.0,rs897877-A,0.016524635,2
Immature fraction of reticulocytes,62182125.0,rs62182125-A,0.021673612,2
Immature fraction of reticulocytes,57467915.0,rs57467915-A,0.058093634,2
Immature fraction of reticulocytes,75187262.0,rs75187262-T,0.04314176,2
Immature fraction of reticulocytes,6437097.0,rs6437097-C,0.01759713,2
Immature fraction of reticulocytes,7346.0,rs7346-A,0.02075665,2
Immature fraction of reticulocytes,78909033.0,rs78909033-A,0.023152113,2
Immature fraction of reticulocytes,6763925.0,rs6763925-C,0.019129174,3
Immature fraction of reticulocytes,113700287.0,rs113700287-TTTTG,0.018820243,3
Immature fraction of reticulocytes,573682388.0,rs573682388-TGGGGCTGGGGTGGAGGGCGGGACAGA,0.03906677,3
Immature fraction of reticulocytes,35547809.0,rs535612879-GA,0.020487217,3
Immature fraction of reticulocytes,56116382.0,rs56116382-C,0.026802246,3
Immature fraction of reticulocytes,200622087.0,rs200622087-A,0.48125616,3
Immature fraction of reticulocytes,540281247.0,rs540281247-T,0.46755114,3
Immature fraction of reticulocytes,184962666.0,rs184962666-A,0.24826872,3
Immature fraction of reticulocytes,201335410.0,rs201335410-A,0.27482608,3
Immature fraction of reticulocytes,1076872.0,rs1076872-G,0.08286424,3
Immature fraction of reticulocytes,732526.0,rs732526-T,0.024652362,3
Immature fraction of reticulocytes,10587701.0,rs10587701-A,0.023172503,3
Immature fraction of reticulocytes,9834125.0,rs9834125-G,0.016480846,3
Immature fraction of reticulocytes,7646596.0,rs7646596-G,0.02214712,3
Immature fraction of reticulocytes,11714208.0,rs11714208-G,0.018743614,3
Immature fraction of reticulocytes,2608073.0,rs2608073-T,0.026084958,3
Immature fraction of reticulocytes,6440132.0,rs6440132-T,0.022411238,3
Immature fraction of reticulocytes,13089972.0,rs13089972-A,0.018387172,3
Immature fraction of reticulocytes,3935996.0,rs3935996-A,0.032581612,1
Immature fraction of reticulocytes,1230003.0,rs1230003-G,0.028403614,1
Immature fraction of reticulocytes,5011302.0,rs5011302-C,0.014652886,1
Immature fraction of reticulocytes,72664324.0,rs72664324-A,0.029741023,1
Immature fraction of reticulocytes,71658797.0,rs71658797-A,0.020882582,1
Immature fraction of reticulocytes,7556614.0,rs7556614-T,0.015586851,1
Immature fraction of reticulocytes,12757307.0,rs12757307-A,0.02385677,1
Immature fraction of reticulocytes,34754277.0,rs34754277-C,0.0593279,1
Immature fraction of reticulocytes,10923397.0,rs10923397-T,0.04616975,1
Immature fraction of reticulocytes,116100695.0,rs116100695-A,0.17272776,1
Immature fraction of reticulocytes,35373641.0,rs66756214-C,0.016143626,
Immature fraction of reticulocytes,2779116.0,rs2779116-T,0.032051127,1
Immature fraction of reticulocytes,2285170.0,rs2285170-G,0.031997923,1
Immature fraction of reticulocytes,10911456.0,rs10911456-A,0.014063313,1
Immature fraction of reticulocytes,144600858.0,rs144600858-A,0.044052985,1
Immature fraction of reticulocytes,1434282.0,rs1434282-T,0.01893466,1
Immature fraction of reticulocytes,17534202.0,rs17534202-C,0.019997073,1
Immature fraction of reticulocytes,7514742.0,rs7514742-A,0.030458454,1
Immature fraction of reticulocytes,1172152.0,rs1172152-A,0.032684803,1
Immature fraction of reticulocytes,9659978.0,rs9659978-G,0.033025865,1
Immature fraction of reticulocytes,1776050.0,rs1776050-C,0.031863984,1
Immature fraction of reticulocytes,61830291.0,rs61830291-C,0.030926317,1
Immature fraction of reticulocytes,77918915.0,rs77918915-T,0.07446196,1
Immature fraction of reticulocytes,12087575.0,rs12087575-T,0.029931344,1
Immature fraction of reticulocytes,3811444.0,rs3811444-T,0.09946213,1
Immature fraction of reticulocytes,10804892.0,rs10804892-A,0.020349665,3
Immature fraction of reticulocytes,3864106.0,rs3864106-C,0.02538538,3
Immature fraction of reticulocytes,34477782.0,rs34477782-A,0.01573278,3
Immature fraction of reticulocytes,41300435.0,rs41300435-A,0.024750436,3
Immature fraction of reticulocytes,4974633.0,rs4974633-A,0.020654289,4
Immature fraction of reticulocytes,755342427.0,rs755342427-C,0.015825327,4
Immature fraction of reticulocytes,218265.0,rs218265-C,0.056421757,4
Immature fraction of reticulocytes,781567.0,rs781567-T,0.016866472,4
Immature fraction of reticulocytes,59285639.0,rs59285639-A,0.034668095,4
Immature fraction of reticulocytes,33954608.0,rs33954608-GA,0.021140462,4
Immature fraction of reticulocytes,1229984.0,rs1229984-C,0.046019696,4
Immature fraction of reticulocytes,230503.0,rs230503-A,0.013892256,4
Immature fraction of reticulocytes,7655064.0,rs7655064-C,0.021685224,4
Immature fraction of reticulocytes,6827598.0,rs6827598-G,0.046430364,4
Immature fraction of reticulocytes,869039.0,rs869039-G,0.016998505,4
Immature fraction of reticulocytes,35096409.0,rs35096409-G,0.013543308,4
Immature fraction of reticulocytes,2584351.0,rs2584351-T,0.014379367,4
Immature fraction of reticulocytes,430549.0,rs430549-A,0.018770143,4
Immature fraction of reticulocytes,2468532.0,rs2468532-G,0.020210735,5
Immature fraction of reticulocytes,34324145.0,rs34324145-A,0.12432451,5
Immature fraction of reticulocytes,12654031.0,rs12654031-A,0.018646605,5
Immature fraction of reticulocytes,249429.0,rs249429-T,0.01620754,5
Immature fraction of reticulocytes,372212227.0,rs372212227-TA,0.01629169,5
Immature fraction of reticulocytes,116734477.0,rs116734477-T,0.1687924,5
Immature fraction of reticulocytes,114309882.0,rs114309882-A,0.15323345,5
Immature fraction of reticulocytes,10888263.0,rs10888263-G,0.027913824,1
Immature fraction of reticulocytes,3896594.0,rs3896594-G,0.036488716,2
Immature fraction of reticulocytes,548850890.0,rs548850890-A,0.053298894,2
Immature fraction of reticulocytes,138903557.0,rs138903557-G,0.11879026,2
Immature fraction of reticulocytes,2339938.0,rs2339938-C,0.029259505,2
Immature fraction of reticulocytes,61348346.0,rs61348346-TATAG,0.019184155,2
Immature fraction of reticulocytes,780093.0,rs780093-C,0.022170072,2
Immature fraction of reticulocytes,112694524.0,rs112694524-A,0.039638598,2
Immature fraction of reticulocytes,568317811.0,rs568317811-T,0.26851755,2
Immature fraction of reticulocytes,1896295.0,rs1896295-C,0.026936328,2
Immature fraction of reticulocytes,5831600.0,rs5831600-TA,0.014878213,2
Immature fraction of reticulocytes,12617371.0,rs12617371-G,0.021162843,2
Immature fraction of reticulocytes,3840984.0,rs3840984-TAA,0.018491186,2
Immature fraction of reticulocytes,144369599.0,rs144369599-T,0.09688832,2
Immature fraction of reticulocytes,2918738.0,rs2918738-G,0.04906844,2
Immature fraction of reticulocytes,545776970.0,rs545776970-CT,0.018313235,2
Immature fraction of reticulocytes,112917684.0,rs112917684-A,0.020405408,2
Immature fraction of reticulocytes,12185734.0,rs12185734-C,0.022458347,2
Immature fraction of reticulocytes,138308793.0,rs138308793-A,0.024821064,2
Immature fraction of reticulocytes,28475137.0,rs28475137-T,0.021778736,2
Immature fraction of reticulocytes,816888.0,rs816888-T,0.015962606,2
Immature fraction of reticulocytes,1449263.0,rs1449263-T,0.014232335,2
Immature fraction of reticulocytes,1143676.0,rs1143676-A,0.03883084,2
Immature fraction of reticulocytes,11687659.0,rs11687659-A,0.023819389,2
Immature fraction of reticulocytes,2571445.0,rs2571445-G,0.03959148,2
Monocyte count,35493131.0,rs35493131-G,0.040913,19
Monocyte count,143273199.0,rs143273199-C,0.066784,19
Monocyte count,309190.0,rs309190-C,0.026358,19
Monocyte count,17272847.0,rs17272847-A,0.034971,19
Monocyte count,2864915.0,rs2864915-A,0.019619,19
Monocyte count,3810115.0,rs3810115-A,0.012971,19
Monocyte count,4632248.0,rs4632248-T,0.065178,19
Monocyte count,3810353.0,rs3810353-G,0.027444,19
Monocyte count,34187696.0,rs34187696-A,0.018113,19
Monocyte count,34600126.0,rs34600126-T,0.022368,20
Monocyte count,4813619.0,rs4813619-T,0.016505,20
Monocyte count,4432538.0,rs4432538-A,0.029011,20
Monocyte count,1997814.0,rs1997814-G,0.013452,20
Monocyte count,,chr20:11366885-D,0.014682,
Monocyte count,12480732.0,rs12480732-T,0.054282,20
Monocyte count,62210146.0,rs62210146-G,0.018447,20
Monocyte count,4812447.0,rs4812447-G,0.022098,20
Monocyte count,743998.0,rs743998-C,0.018762,20
Monocyte count,2143607.0,rs2143607-G,0.02229,20
Monocyte count,6019386.0,rs6019386-G,0.01362,20
Monocyte count,17196752.0,rs17196752-T,0.072454,20
Monocyte count,11086146.0,rs11086146-I,0.016347,20
Monocyte count,1997577.0,rs1997577-T,0.029591,21
Monocyte count,2834670.0,rs2834670-G,0.026935,21
Monocyte count,,chr21:39852514-D,0.023656,
Monocyte count,11646229.0,rs11646229-A,0.020843,16
Monocyte count,8066044.0,rs8066044-G,0.014631,17
Monocyte count,9915112.0,rs9915112-G,0.026556,17
Monocyte count,62092000.0,rs62092000-A,0.015276,17
Monocyte count,755697733.0,rs755697733-D,0.02404,17
Monocyte count,34557412.0,rs34557412-A,0.23807,17
Monocyte count,2945412.0,rs2945412-A,0.019924,17
Monocyte count,2729450.0,rs2729450-C,0.030635,17
Monocyte count,9911144.0,rs9911144-C,0.023122,17
Monocyte count,865483.0,rs865483-C,0.025796,17
Monocyte count,12449707.0,rs12449707-T,0.015842,17
Monocyte count,2302774.0,rs2302774-T,0.024203,17
Monocyte count,12941469.0,rs12941469-C,0.022326,17
Monocyte count,4792849.0,rs4792849-G,0.021646,17
Monocyte count,17637472.0,rs17637472-A,0.014691,17
Monocyte count,34097845.0,rs34097845-T,0.100554,17
Monocyte count,191380121.0,rs191380121-T,0.169223,17
Monocyte count,8077619.0,rs8077619-A,0.019081,17
Monocyte count,2084312.0,rs2084312-T,0.037684,17
Monocyte count,745570.0,rs745570-G,0.014068,17
Monocyte count,9674881.0,rs9674881-T,0.06335,17
Monocyte count,238136.0,rs238136-G,0.014997,18
Monocyte count,,chr18:19710035-D,0.027235,
Monocyte count,113232639.0,rs113232639-A,0.017678,18
Monocyte count,62100531.0,rs62100531-C,0.01694,18
Monocyte count,75957619.0,rs75957619-G,0.019199,18
Monocyte count,1555709635.0,rs755467826-D,0.021504,
Monocyte count,745822.0,rs745822-G,0.016402,18
Monocyte count,613872.0,rs613872-T,0.017322,18
Monocyte count,9916942.0,rs9916942-C,0.01767,18
Monocyte count,17758695.0,rs17758695-T,0.109272,18
Monocyte count,1790576.0,rs1790576-C,0.012555,18
Monocyte count,3177609.0,rs3177609-C,0.031206,18
Monocyte count,2007483.0,rs2007483-A,0.023714,18
Monocyte count,4807440.0,rs4807440-T,0.02509,19
Monocyte count,3746072.0,rs3746072-G,0.146955,19
Monocyte count,7769.0,rs7769-A,0.013918,19
Monocyte count,,chr19:4970723-D,0.017424,
Monocyte count,413141.0,rs413141-G,0.043013,19
Monocyte count,571497.0,rs571497-A,0.028174,19
Monocyte count,117064827.0,rs117064827-G,0.089062,19
Monocyte count,,chr19:11890133-D,0.013762,
Monocyte count,1003393.0,rs1003393-T,0.077779,19
Monocyte count,7255672.0,rs7255672-C,0.020256,19
Monocyte count,150665764.0,rs150665764-C,0.052236,19
Monocyte count,142500391.0,rs142500391-T,0.118096,19
Monocyte count,11086102.0,rs11086102-C,0.031397,19
Monocyte count,12151289.0,rs12151289-C,0.08528,19
Monocyte count,75947264.0,rs75947264-T,0.019037,19
Monocyte count,12972609.0,rs12972609-A,0.038873,19
Immature fraction of reticulocytes,1499280.0,rs1499280-A,0.07755847,5
Monocyte count,1535770.0,rs1535770-G,0.01297,1
Monocyte count,12408993.0,rs12408993-G,0.027598,1
Monocyte count,41268099.0,rs41268099-A,0.029048,1
Monocyte count,17387886.0,rs17387886-C,0.027781,1
Monocyte count,7520050.0,rs7520050-C,0.016122,1
Immature fraction of reticulocytes,71531461.0,rs113322719-G,0.015765842,7
Immature fraction of reticulocytes,4724452.0,rs4724452-T,0.04317573,7
Immature fraction of reticulocytes,190506411.0,rs190506411-A,0.05456685,7
Immature fraction of reticulocytes,706027.0,rs706027-T,0.016546883,7
Immature fraction of reticulocytes,696281.0,rs696281-T,0.024209097,7
Immature fraction of reticulocytes,59893503.0,rs59893503-A,0.059868906,7
Immature fraction of reticulocytes,10277403.0,rs10277403-C,0.018572643,7
Immature fraction of reticulocytes,6592965.0,rs6592965-A,0.043004792,7
Monocyte count,11590380.0,rs11590380-C,0.024736,1
Monocyte count,12747432.0,rs12747432-T,0.02404,1
Monocyte count,2816967.0,rs2816967-A,0.012301,1
Monocyte count,10751450.0,rs10751450-T,0.0205,1
Monocyte count,,chr1:204262031-D,0.017198,
Immature fraction of reticulocytes,9920.0,rs9920-C,0.028511764,7
Monocyte count,4844392.0,rs4844392-G,0.01828,1
Immature fraction of reticulocytes,1394491.0,rs1394491-C,0.01305634,7
Immature fraction of reticulocytes,80206917.0,rs80206917-C,0.018371481,7
Immature fraction of reticulocytes,3757853.0,rs3757853-G,0.018823657,7
Immature fraction of reticulocytes,8176059.0,rs8176059-A,0.084734745,7
Immature fraction of reticulocytes,5889265.0,rs575193565-CT,0.02461825,8
Immature fraction of reticulocytes,1876281.0,rs1876281-T,0.0160697,8
Monocyte count,56043070.0,rs56043070-A,0.022694,1
Immature fraction of reticulocytes,10683906.0,rs776531974-CAA,0.021261908,8
Monocyte count,7572278.0,rs7572278-A,0.021687,2
Immature fraction of reticulocytes,4737010.0,rs4737010-A,0.02638673,8
Monocyte count,10191849.0,rs10191849-C,0.012246,2
Monocyte count,3795503.0,rs3795503-T,0.01889,1
Immature fraction of reticulocytes,55747707.0,rs55747707-A,0.023728509,7
Immature fraction of reticulocytes,4729260.0,rs4729260-C,0.014034807,7
Immature fraction of reticulocytes,6979218.0,rs6979218-G,0.015594834,7
Immature fraction of reticulocytes,6958696.0,rs6958696-T,0.01667045,7
Monocyte count,1772143.0,rs1772143-A,0.019914,1
Immature fraction of reticulocytes,4524734.0,rs4524734-T,0.042024843,7
Monocyte count,701905.0,rs701905-C,0.021672,1
Monocyte count,1539009.0,rs1539009-T,0.013155,1
Monocyte count,12022930.0,rs12022930-C,0.016709,1
Monocyte count,113292043.0,rs113292043-T,0.024784,1
Monocyte count,61850655.0,rs61850655-T,0.027853,1
Monocyte count,200549504.0,rs200549504-D,0.088726,1
Monocyte count,61165644.0,rs61165644-G,0.026402,1
Immature fraction of reticulocytes,3808576.0,rs3808576-A,0.03455769,8
Monocyte count,4335411.0,rs4335411-A,0.017413,1
Immature fraction of reticulocytes,34265667.0,rs34265667-A,0.057965465,8
Monocyte count,4669869.0,rs4669869-C,0.020401,2
Immature fraction of reticulocytes,7843475.0,rs7843475-G,0.0188239,8
Monocyte count,141306206.0,rs141306206-D,0.014125,2
Monocyte count,184409696.0,rs184409696-G,0.136605,2
Monocyte count,6544171.0,rs6544171-C,0.015555,2
Monocyte count,,chr2:43352022-D,0.022724,
Immature fraction of reticulocytes,2571392.0,rs2571392-A,0.023026897,6
Immature fraction of reticulocytes,1655901.0,rs1655901-C,0.02534704,6
Immature fraction of reticulocytes,142460927.0,rs142460927-C,0.21333578,6
Immature fraction of reticulocytes,115333019.0,rs115333019-G,0.1634603,6
Immature fraction of reticulocytes,12212092.0,rs12212092-T,0.096261576,6
Immature fraction of reticulocytes,2022065.0,rs2022065-T,0.05393633,6
Immature fraction of reticulocytes,144731721.0,rs144731721-T,0.083550446,6
Immature fraction of reticulocytes,144360625.0,rs144360625-C,0.029980848,6
Immature fraction of reticulocytes,9470103.0,rs9470103-A,0.021277916,6
Immature fraction of reticulocytes,747844459.0,rs747844459-T,0.2743433,6
Immature fraction of reticulocytes,6905288.0,rs6905288-A,0.014021149,6
Immature fraction of reticulocytes,4715018.0,rs4715018-C,0.03160555,6
Immature fraction of reticulocytes,11398842.0,rs11398842-GT,0.017030638,6
Immature fraction of reticulocytes,9374066.0,rs9374066-A,0.016565757,6
Immature fraction of reticulocytes,72939920.0,rs72939920-T,0.026527382,6
Immature fraction of reticulocytes,10872223.0,rs10872223-T,0.018520718,6
Immature fraction of reticulocytes,9375414.0,rs9375414-A,0.015244481,6
Immature fraction of reticulocytes,7740107.0,rs7740107-A,0.019409837,6
Immature fraction of reticulocytes,3813356.0,rs3813356-T,0.015604519,6
Immature fraction of reticulocytes,6149819.0,rs6149819-GAAAAAGGAAAAGTTT,0.020022398,6
Immature fraction of reticulocytes,6570101.0,rs6570101-G,0.014534133,6
Immature fraction of reticulocytes,607203.0,rs607203-C,0.21822858,6
Immature fraction of reticulocytes,592423.0,rs592423-C,0.109329686,6
Immature fraction of reticulocytes,3890984.0,rs3890984-T,0.032593116,6
Immature fraction of reticulocytes,34868291.0,rs34868291-G,0.01653323,6
Immature fraction of reticulocytes,1390712.0,rs1390712-G,0.020112451,8
Immature fraction of reticulocytes,7813423.0,rs7813423-A,0.015324488,8
Immature fraction of reticulocytes,58503347.0,rs58503347-A,0.024220366,8
Immature fraction of reticulocytes,34574999.0,rs781671072-CTT,0.021953633,8
Immature fraction of reticulocytes,28594922.0,rs28594922-G,0.023072109,8
Immature fraction of reticulocytes,3036540.0,rs150194324-TTG,0.020412141,8
Immature fraction of reticulocytes,2737263.0,rs2737263-T,0.038701084,8
Immature fraction of reticulocytes,11775886.0,rs11775886-G,0.024309855,8
Immature fraction of reticulocytes,892362.0,rs892362-T,0.021042865,8
Immature fraction of reticulocytes,10758656.0,rs10758656-G,0.057878766,9
Immature fraction of reticulocytes,12350739.0,rs12350739-A,0.0154796075,9
Immature fraction of reticulocytes,1749268.0,rs1749268-C,0.032836568,9
Immature fraction of reticulocytes,7469124.0,rs7469124-A,0.014654457,9
Immature fraction of reticulocytes,3793537.0,rs3793537-C,0.017224822,9
Immature fraction of reticulocytes,10746959.0,rs10746959-G,0.014556244,9
Immature fraction of reticulocytes,700768.0,rs700768-A,0.01483219,9
Immature fraction of reticulocytes,10868476.0,rs10868476-A,0.024486246,9
Immature fraction of reticulocytes,4743150.0,rs4743150-T,0.027404465,9
Immature fraction of reticulocytes,,chr9:112726654-CAGGCAGAGGCAGAGGCAGAGGCAGAGGCAG,0.024982503,
Immature fraction of reticulocytes,34971252.0,rs34971252-GA,0.016058018,9
Immature fraction of reticulocytes,73660574.0,rs73660574-A,0.060192864,9
Immature fraction of reticulocytes,60757417.0,rs60757417-G,0.044410776,9
Immature fraction of reticulocytes,75444660.0,rs75444660-G,0.05006947,9
Immature fraction of reticulocytes,467369.0,rs467369-T,0.018178998,9
Immature fraction of reticulocytes,7028191.0,rs7028191-T,0.034371924,9
Immature fraction of reticulocytes,113809617.0,rs113809617-G,0.02916792,9
Immature fraction of reticulocytes,142336524.0,rs142336524-A,0.018777497,10
Immature fraction of reticulocytes,10828725.0,rs10828725-T,0.08728552,10
Immature fraction of reticulocytes,2992333.0,rs2992333-A,0.018573632,10
Immature fraction of reticulocytes,4948645.0,rs4948645-G,0.02529393,10
Immature fraction of reticulocytes,3780909.0,rs3780909-A,0.016108993,10
Immature fraction of reticulocytes,550185027.0,rs550185027-T,0.07305617,10
Immature fraction of reticulocytes,7908745.0,rs7908745-G,0.041514896,10
Immature fraction of reticulocytes,71494802.0,rs71494802-A,0.03872611,10
Immature fraction of reticulocytes,7078927.0,rs7078927-C,0.08004379,10
Immature fraction of reticulocytes,17476364.0,rs17476364-C,0.047658343,10
Immature fraction of reticulocytes,7917677.0,rs7917677-C,0.015952196,10
Immature fraction of reticulocytes,10762407.0,rs10762407-T,0.018580917,10
Immature fraction of reticulocytes,67372909.0,rs67372909-C,0.018351397,10
Immature fraction of reticulocytes,11411545.0,rs11411545-AG,0.016960578,10
Immature fraction of reticulocytes,7095953.0,rs7095953-C,0.016358566,10
Immature fraction of reticulocytes,61288291.0,rs61288291-C,0.026963774,10
Immature fraction of reticulocytes,35275997.0,rs35275997-G,0.026173813,11
Immature fraction of reticulocytes,10769966.0,rs10769966-A,0.026250096,11
Immature fraction of reticulocytes,57445416.0,rs201737825-G,0.013896181,11
Immature fraction of reticulocytes,1159649.0,rs1159649-G,0.014246281,11
Immature fraction of reticulocytes,9943566.0,rs9943566-C,0.018913034,11
Immature fraction of reticulocytes,2868996.0,rs2868996-T,0.01719635,11
Immature fraction of reticulocytes,627055.0,rs627055-T,0.017181406,11
Immature fraction of reticulocytes,149000560.0,rs149000560-A,0.15235598,11
Monocyte count,12718421.0,rs12718421-G,0.018051,1
Monocyte count,,chr1:54889010-D,0.01739,
Monocyte count,72675573.0,rs72675573-T,0.015967,1
Monocyte count,7516441.0,rs7516441-A,0.021961,1
Monocyte count,1933295.0,rs1933295-G,0.02438,1
Monocyte count,11208700.0,rs11208700-T,0.013813,1
Monocyte count,58842463.0,rs58842463-I,0.018213,1
Monocyte count,72681000.0,rs72681000-C,0.023328,1
Monocyte count,41313381.0,rs41313381-A,0.043019,1
Monocyte count,12118443.0,rs12118443-A,0.018028,1
Monocyte count,,chr1:93138990-D,0.453492,
Monocyte count,11547648.0,rs11547648-T,0.023714,1
Monocyte count,333947.0,rs333947-A,0.036848,1
Monocyte count,11102143.0,rs11102143-C,0.016204,1
Monocyte count,3790598.0,rs3790598-A,0.01615,1
Monocyte count,2476601.0,rs2476601-G,0.019969,1
Monocyte count,67224956.0,rs67224956-C,0.026909,1
Monocyte count,4970966.0,rs4970966-T,0.072638,1
Monocyte count,766764264.0,rs766764264-D,0.027365,1
Monocyte count,4393147.0,rs4393147-T,0.01781,1
Monocyte count,1185700.0,rs1185700-A,0.018179,1
Monocyte count,12075.0,rs12075-A,0.027028,1
Monocyte count,3813609.0,rs3813609-C,0.020424,1
Monocyte count,60441301.0,rs60441301-A,0.026576,1
Monocyte count,4987353.0,rs4987353-A,0.021886,1
Monocyte count,75475627.0,rs75475627-G,0.02413,2
Monocyte count,1562309.0,rs1562309-A,0.015425,2
Monocyte count,13385171.0,rs13385171-C,0.027829,2
Monocyte count,6546232.0,rs6546232-T,0.013406,2
Monocyte count,61758703.0,rs61758703-G,0.122737,2
Monocyte count,4907230.0,rs4907230-A,0.015584,2
Monocyte count,290773.0,rs290773-A,0.019984,2
Monocyte count,10179874.0,rs10179874-C,0.012611,2
Monocyte count,150449635.0,rs150449635-C,0.14024,2
Monocyte count,7574456.0,rs7574456-T,0.040256,2
Monocyte count,140397066.0,rs140397066-A,0.111909,2
Monocyte count,3856364.0,rs3856364-G,0.012622,2
Monocyte count,13032786.0,rs13032786-G,0.020299,2
Monocyte count,1863219.0,rs1863219-G,0.018431,2
Monocyte count,67399148.0,rs67399148-C,0.013473,2
Monocyte count,3931.0,rs3931-G,0.022896,2
Monocyte count,8207.0,rs8207-G,0.013527,2
Monocyte count,6731125.0,rs6731125-C,0.1272,2
Monocyte count,17860428.0,rs17860428-A,0.015614,2
Monocyte count,376022098.0,rs376022098-I,0.017656,2
Monocyte count,6736362.0,rs6736362-T,0.022174,2
Monocyte count,,chr2:220051999-D,0.016713,
Monocyte count,10197805.0,rs10197805-C,0.041572,2
Monocyte count,11676298.0,rs11676298-G,0.025337,2
Monocyte count,34884906.0,rs34884906-I,0.013422,2
Immature fraction of reticulocytes,17462893.0,rs17462893-G,0.04355093,5
Immature fraction of reticulocytes,1991797.0,rs1991797-T,0.014135189,5
Immature fraction of reticulocytes,34821177.0,rs34821177-T,0.04349175,5
Immature fraction of reticulocytes,1993878.0,rs1993878-A,0.028075425,5
Immature fraction of reticulocytes,17689595.0,rs17689595-A,0.029178059,5
Immature fraction of reticulocytes,112134293.0,rs112134293-C,0.13917612,5
Immature fraction of reticulocytes,35998524.0,rs35998524-T,0.033085182,5
Immature fraction of reticulocytes,875742.0,rs875742-A,0.04203186,5
Immature fraction of reticulocytes,12514956.0,rs12514956-T,0.036963265,5
Immature fraction of reticulocytes,1772976.0,rs1772976-T,0.01937324,6
Immature fraction of reticulocytes,111373852.0,rs111373852-CAGTT,0.019329224,6
Immature fraction of reticulocytes,115806594.0,rs115806594-A,0.070872456,6
Immature fraction of reticulocytes,9505086.0,rs9505086-C,0.018417431,6
Immature fraction of reticulocytes,10600676.0,rs10600676-C,0.015266039,6
Immature fraction of reticulocytes,146771786.0,rs146771786-A,0.18259348,6
Immature fraction of reticulocytes,557966248.0,rs557966248-T,0.22426008,6
Immature fraction of reticulocytes,34184414.0,rs34184414-C,0.013790089,6
Immature fraction of reticulocytes,113760175.0,rs113760175-A,0.02636418,6
Monocyte count,7561544.0,rs7561544-C,0.019399,2
Immature fraction of reticulocytes,138919787.0,rs138919787-CT,0.018519433,13
Immature fraction of reticulocytes,9568481.0,rs9568481-T,0.017144727,13
Immature fraction of reticulocytes,34265141.0,rs34265141-CA,0.020372652,13
Immature fraction of reticulocytes,7147308.0,rs7147308-T,0.024444204,14
Immature fraction of reticulocytes,2331978.0,rs2331978-G,0.01370896,14
Immature fraction of reticulocytes,2004925.0,rs2004925-A,0.01980514,14
Immature fraction of reticulocytes,17592366.0,rs17592366-A,0.044540863,14
Immature fraction of reticulocytes,12878451.0,rs12878451-C,0.016874501,14
Immature fraction of reticulocytes,9323280.0,rs9323280-C,0.027114354,14
Immature fraction of reticulocytes,8008070.0,rs8008070-T,0.021030452,14
Immature fraction of reticulocytes,11627485.0,rs11627485-C,0.017422203,14
Immature fraction of reticulocytes,555218597.0,rs555218597-C,0.22463128,14
Immature fraction of reticulocytes,17248895.0,rs17248895-C,0.051994,14
Immature fraction of reticulocytes,560725045.0,rs560725045-CT,0.016712902,14
Lymphocyte count,2647929.0,rs2647929-C,0.015005482,3
Lymphocyte count,2291900.0,rs2291900-A,0.016587237,3
Lymphocyte count,7627511.0,rs7627511-C,0.016382726,3
Lymphocyte count,397963844.0,rs540400656-CT,0.015607759,3
Lymphocyte count,77265382.0,rs77265382-T,0.037207525,3
Lymphocyte count,62278010.0,rs62278010-A,0.023873959,3
Lymphocyte count,68062772.0,rs68062772-G,0.016957248,3
Lymphocyte count,2089979.0,rs2089979-G,0.035529993,3
Lymphocyte count,658349.0,rs658349-G,0.03292322,4
Lymphocyte count,10433875.0,rs10433875-T,0.034114998,4
Lymphocyte count,1386623.0,rs1386623-T,0.04643183,4
Immature fraction of reticulocytes,10750766.0,rs10750766-A,0.03249106,11
Immature fraction of reticulocytes,10692760.0,rs10692760-GTTT,0.016359096,11
Immature fraction of reticulocytes,472486.0,rs472486-G,0.016203297,11
Immature fraction of reticulocytes,11021221.0,rs11021221-A,0.03744853,11
Immature fraction of reticulocytes,633185.0,rs633185-C,0.017451987,11
Immature fraction of reticulocytes,74632205.0,rs74632205-C,0.023218798,11
Immature fraction of reticulocytes,7927208.0,rs7927208-C,0.015254054,11
Immature fraction of reticulocytes,10708242.0,rs10708242-A,0.016521119,12
Immature fraction of reticulocytes,7138216.0,rs7138216-C,0.019170841,12
Immature fraction of reticulocytes,11046766.0,rs11046766-G,0.017126452,12
Immature fraction of reticulocytes,11049365.0,rs11049365-A,0.016279845,12
Immature fraction of reticulocytes,74854988.0,rs74854988-T,0.021718638,12
Immature fraction of reticulocytes,4760682.0,rs4760682-A,0.019469231,12
Immature fraction of reticulocytes,12231625.0,rs12231625-A,0.023409162,12
Immature fraction of reticulocytes,34994986.0,rs34994986-GT,0.03365155,12
Immature fraction of reticulocytes,4014703.0,rs113199104-CCCTGGA,0.014713138,
Immature fraction of reticulocytes,3184504.0,rs3184504-C,0.026873576,12
Immature fraction of reticulocytes,538069859.0,rs538069859-CT,0.030443264,12
Immature fraction of reticulocytes,3858722.0,rs3858722-T,0.04092149,12
Immature fraction of reticulocytes,11352199.0,rs879508109-A,0.025683336,12
Immature fraction of reticulocytes,10849820.0,rs10849820-T,0.027960122,12
Immature fraction of reticulocytes,7136373.0,rs7136373-G,0.018856293,12
Immature fraction of reticulocytes,543678598.0,rs543678598-A,0.03689502,12
Immature fraction of reticulocytes,9533095.0,rs9533095-T,0.014365404,13
Immature fraction of reticulocytes,1177803.0,rs1177803-C,0.032904293,13
Lymphocyte count,3041410.0,rs751167249-AATGG,0.019883215,4
Lymphocyte count,6531656.0,rs6531656-T,0.023271594,4
Lymphocyte count,11429183.0,rs552599526-TC,0.035932314,4
Lymphocyte count,73142294.0,rs73142294-T,0.016688064,4
Lymphocyte count,7437961.0,rs7437961-C,0.015029602,4
Lymphocyte count,7665147.0,rs7665147-A,0.022139225,4
Lymphocyte count,2298850.0,rs2298850-C,0.016252609,4
Lymphocyte count,4596195.0,rs4596195-A,0.031894658,4
Lymphocyte count,17005891.0,rs17005891-A,0.04716666,4
Lymphocyte count,116142917.0,rs116142917-G,0.021846225,4
Lymphocyte count,34745873.0,rs34745873-C,0.020454526,4
Lymphocyte count,1431545.0,rs1431545-T,0.021279238,4
Lymphocyte count,113473633.0,rs113473633-G,0.06045135,4
Lymphocyte count,33969351.0,rs33969351-T,0.03583512,4
Lymphocyte count,2101975.0,rs2101975-G,0.029815175,4
Lymphocyte count,881878.0,rs881878-A,0.021283558,4
Lymphocyte count,4834221.0,rs4834221-A,0.023640413,4
Lymphocyte count,7681161.0,rs7681161-G,0.015008013,4
Lymphocyte count,309375.0,rs309375-A,0.01748598,4
Lymphocyte count,3216799.0,rs3216799-TAG,0.015505726,4
Lymphocyte count,4696314.0,rs4696314-C,0.015504482,4
Lymphocyte count,13139571.0,rs13139571-A,0.015340015,4
Lymphocyte count,11738146.0,rs11738146-A,0.016740263,5
Lymphocyte count,11567699.0,rs11567699-G,0.05560512,5
Lymphocyte count,372391934.0,rs372391934-A,0.017661301,5
Monocyte count,150147150.0,rs150147150-G,0.100577,2
Monocyte count,2595507.0,rs2595507-C,0.014407,2
Monocyte count,70958391.0,rs70958391-I,0.017442,2
Monocyte count,9287604.0,rs9287604-C,0.017763,2
Monocyte count,34236350.0,rs34236350-T,0.032235,2
Monocyte count,1822534.0,rs1822534-G,0.030979,3
Monocyte count,113700287.0,rs113700287-I,0.019202,3
Monocyte count,9816588.0,rs9816588-A,0.022994,3
Monocyte count,3732378.0,rs3732378-A,0.054543,3
Monocyte count,2228467.0,rs2228467-C,0.157057,3
Monocyte count,2213290.0,rs2213290-T,0.035585,3
Monocyte count,62256003.0,rs62256003-T,0.015317,3
Monocyte count,11130612.0,rs11130612-T,0.012373,3
Monocyte count,34778241.0,rs34778241-I,0.018094,3
Monocyte count,9809116.0,rs9809116-G,0.01741,3
Monocyte count,9834246.0,rs9834246-C,0.011886,3
Monocyte count,10935473.0,rs10935473-T,0.025021,3
Monocyte count,,chr3:107246097-D,0.017331,
Monocyte count,35902169.0,rs35902169-T,0.013447,3
Monocyte count,17295246.0,rs17295246-A,0.025578,3
Monocyte count,10934680.0,rs10934680-A,0.015311,3
Monocyte count,,chr3:126262578-D,0.016499,
Monocyte count,6782228.0,rs6782228-C,0.086949,3
Monocyte count,4678272.0,rs4678272-T,0.017407,3
Monocyte count,6800122.0,rs6800122-T,0.021775,3
Monocyte count,12500103.0,rs12500103-A,0.015742,4
Monocyte count,2059489.0,rs2059489-A,0.013481,4
Monocyte count,7687559.0,rs7687559-C,0.013596,4
Monocyte count,113862443.0,rs113862443-G,0.025224,4
Monocyte count,964752.0,rs964752-G,0.012387,5
Monocyte count,116619972.0,rs116619972-A,0.040259,5
Monocyte count,186272630.0,rs186272630-T,0.160232,5
Monocyte count,28722705.0,rs28722705-T,0.034302,5
Monocyte count,11744663.0,rs11744663-A,0.019366,5
Monocyte count,145333308.0,rs145333308-I,0.013229,5
Monocyte count,2338021.0,rs2338021-C,0.031703,5
Monocyte count,31243.0,rs31243-G,0.022555,5
Monocyte count,141008923.0,rs141008923-G,0.103598,5
Monocyte count,244760.0,rs244760-G,0.014264,5
Monocyte count,2548257.0,rs2548257-A,0.012909,5
Monocyte count,6869021.0,rs6869021-T,0.016905,5
Monocyte count,7704551.0,rs7704551-T,0.014356,5
Monocyte count,11242109.0,rs11242109-T,0.022463,5
Monocyte count,329125.0,rs329125-A,0.016638,5
Monocyte count,112800995.0,rs112800995-A,0.016898,5
Monocyte count,17656204.0,rs17656204-T,0.054151,5
Monocyte count,61745454.0,rs61745454-G,0.038476,5
Monocyte count,31196.0,rs31196-A,0.011946,5
Monocyte count,360017.0,rs360017-G,0.024481,5
Monocyte count,6883116.0,rs6883116-C,0.017985,5
Monocyte count,9390460.0,rs9390460-C,0.011811,6
Monocyte count,9479025.0,rs9479025-T,0.014158,6
Monocyte count,17710008.0,rs17710008-A,0.0157,6
Monocyte count,2817441.0,rs2817441-T,0.02173,6
Monocyte count,2292334.0,rs2292334-A,0.013385,6
Monocyte count,2273215.0,rs2273215-A,0.01813,6
Monocyte count,798563.0,rs798563-C,0.017561,7
Monocyte count,6796.0,rs6796-C,0.045504,7
Monocyte count,17700436.0,rs17700436-T,0.028498,7
Monocyte count,62454420.0,rs62454420-G,0.034885,7
Monocyte count,10238435.0,rs10238435-T,0.023569,7
Monocyte count,138994411.0,rs765064269-D,0.013466,7
Monocyte count,111363146.0,rs111363146-C,0.022228,7
Monocyte count,865031.0,rs865031-C,0.011781,7
Monocyte count,4385425.0,rs4385425-G,0.060104,7
Monocyte count,4140770.0,rs4140770-A,0.012441,7
Monocyte count,,chr7:65203911-D,0.015086,
Monocyte count,781990170.0,rs781990170-D,0.015982,7
Monocyte count,445.0,rs445-T,0.09426,7
Monocyte count,34838763.0,rs34838763-I,0.017658,7
Monocyte count,7792525.0,rs7792525-G,0.018932,7
Monocyte count,12705393.0,rs12705393-G,0.014099,7
Monocyte count,3109109.0,rs3109109-C,0.021659,7
Monocyte count,62470670.0,rs62470670-G,0.023333,7
Monocyte count,,chr7:129583366-D,0.020642,
Monocyte count,7803075.0,rs7803075-G,0.014372,7
Monocyte count,4728350.0,rs4728350-G,0.011856,7
Monocyte count,7785014.0,rs7785014-C,0.025276,7
Monocyte count,11407391.0,rs11407391-I,0.012857,7
Monocyte count,6952262.0,rs6952262-G,0.015933,7
Monocyte count,11772895.0,rs11772895-C,0.020603,7
Monocyte count,11974139.0,rs11974139-C,0.013842,7
Monocyte count,7826487.0,rs7826487-G,0.040998,8
Monocyte count,28595628.0,rs28595628-C,0.01666,8
Monocyte count,12543924.0,rs12543924-C,0.016568,8
Monocyte count,62501136.0,rs62501136-A,0.020496,8
Monocyte count,755951.0,rs755951-C,0.015948,8
Monocyte count,,chr8:30337328-D,0.0175,
Monocyte count,10110562.0,rs10110562-G,0.014207,8
Monocyte count,4737010.0,rs4737010-A,0.016216,8
Monocyte count,117182261.0,rs117182261-G,0.053579,8
Monocyte count,45577137.0,rs45577137-G,0.064614,8
Monocyte count,333613.0,rs333613-T,0.016117,8
Monocyte count,3808609.0,rs3808609-C,0.016911,8
Monocyte count,7824937.0,rs7824937-G,0.01766,8
Monocyte count,12542907.0,rs12542907-G,0.024199,8
Monocyte count,75910605.0,rs75910605-C,0.038385,8
Monocyte count,16939607.0,rs16939607-A,0.025208,8
Monocyte count,10103921.0,rs10103921-G,0.016208,8
Monocyte count,2343592.0,rs2343592-G,0.01711,8
Monocyte count,11399095.0,rs11399095-I,0.013364,3
Monocyte count,1466684.0,rs1466684-A,0.015539,3
Monocyte count,900400.0,rs900400-C,0.012904,3
Monocyte count,16831132.0,rs16831132-T,0.013584,3
Monocyte count,7633965.0,rs7633965-C,0.025005,3
Monocyte count,231988.0,rs231988-C,0.025769,3
Monocyte count,4686904.0,rs4686904-T,0.014855,3
Monocyte count,12485444.0,rs12485444-A,0.023481,3
Monocyte count,7626444.0,rs7626444-C,0.028712,3
Monocyte count,2269486.0,rs2269486-T,0.021333,4
Monocyte count,871134.0,rs871134-T,0.038297,4
Monocyte count,28530750.0,rs28530750-A,0.044348,4
Monocyte count,2711981.0,rs2711981-T,0.0216,4
Monocyte count,278981.0,rs278981-C,0.017259,4
Monocyte count,723585.0,rs723585-G,0.016542,4
Monocyte count,9637714.0,rs9637714-C,0.016305,4
Monocyte count,11723621.0,rs11723621-G,0.013213,4
Monocyte count,16850408.0,rs16850408-A,0.014678,4
Monocyte count,7670506.0,rs7670506-A,0.018548,4
Monocyte count,17005891.0,rs17005891-A,0.050963,4
Monocyte count,141936164.0,rs141936164-G,0.018654,4
Monocyte count,144317085.0,rs144317085-T,0.061822,4
Monocyte count,6533483.0,rs6533483-A,0.018352,4
Monocyte count,7692994.0,rs7692994-A,0.013755,4
Monocyte count,4240356.0,rs4240356-G,0.023514,4
Monocyte count,318473.0,rs318473-T,0.012758,6
Monocyte count,1285886.0,rs1285886-A,0.031319,6
Monocyte count,707794.0,rs707794-A,0.030445,6
Monocyte count,9470844.0,rs9470844-G,0.016965,6
Monocyte count,1008251.0,rs1008251-C,0.016745,6
Monocyte count,113760175.0,rs113760175-A,0.034983,6
Monocyte count,955978.0,rs955978-C,0.013186,6
Monocyte count,2523562.0,rs2523562-T,0.068474,6
Monocyte count,1753294.0,rs1753294-G,0.01544,6
Monocyte count,61998254.0,rs61998254-G,0.028788,6
Monocyte count,,chr6:41978609-D,0.043061,
Monocyte count,11963621.0,rs11963621-C,0.048188,6
Monocyte count,77182156.0,rs77182156-T,0.026632,6
Monocyte count,2012011.0,rs2012011-A,0.033258,6
Monocyte count,644492.0,rs644492-G,0.020069,6
Monocyte count,,chr6:82463477-D,0.038126,
Monocyte count,9451139.0,rs9451139-T,0.013872,6
Monocyte count,9480737.0,rs9480737-G,0.021684,6
Monocyte count,1962666.0,rs1962666-T,0.018092,6
Monocyte count,9375150.0,rs9375150-G,0.018406,6
Monocyte count,7756021.0,rs7756021-C,0.020704,6
Monocyte count,7776054.0,rs7776054-G,0.037905,6
Monocyte count,55666429.0,rs55666429-A,0.015704,6
Monocyte count,1936211.0,rs1936211-T,0.015644,6
Monocyte count,149110519.0,rs149110519-T,0.074605,6
Lymphocyte count,12526696.0,rs12526696-A,0.036040466,6
Lymphocyte count,13192476.0,rs13192476-A,0.01497831,6
Lymphocyte count,12214623.0,rs12214623-T,0.017492076,6
Lymphocyte count,472070.0,rs472070-C,0.025001155,6
Lymphocyte count,6926219.0,rs6926219-A,0.044869516,6
Lymphocyte count,1936807.0,rs1936807-G,0.015147798,6
Lymphocyte count,6569648.0,rs6569648-T,0.018440798,6
Lymphocyte count,2327531.0,rs2327531-G,0.01800495,6
Lymphocyte count,34208856.0,rs34208856-C,0.041876674,6
Lymphocyte count,1871859.0,rs1871859-T,0.022375742,6
Lymphocyte count,17710008.0,rs17710008-A,0.02124855,6
Lymphocyte count,6936325.0,rs6936325-A,0.05026032,6
Lymphocyte count,9460100.0,rs9460100-C,0.016405305,6
Lymphocyte count,10480059.0,rs10480059-T,0.016062727,7
Lymphocyte count,4719654.0,rs4719654-C,0.01375683,7
Lymphocyte count,6955702.0,rs6955702-G,0.022525929,7
Lymphocyte count,212857.0,rs212857-A,0.016269766,7
Lymphocyte count,4719885.0,rs4719885-G,0.021713462,7
Lymphocyte count,2189965.0,rs2189965-T,0.025978142,7
Lymphocyte count,2710804.0,rs2710804-C,0.01561517,7
Lymphocyte count,2516482.0,rs2516482-G,0.038059197,6
Lymphocyte count,2229094.0,rs2229094-C,0.040826518,6
Lymphocyte count,17201192.0,rs17201192-T,0.058121365,6
Lymphocyte count,115378818.0,rs115378818-T,0.16935384,6
Lymphocyte count,3763305.0,rs3763305-A,0.041934814,6
Lymphocyte count,543838540.0,rs543838540-G,0.05558447,6
Lymphocyte count,117317282.0,rs117317282-T,0.058178984,6
Lymphocyte count,1054684.0,rs1054684-C,0.03328803,6
Lymphocyte count,28366362.0,rs28366362-C,0.029002981,6
Lymphocyte count,111959275.0,rs111959275-T,0.04350488,6
Lymphocyte count,41288885.0,rs41288885-G,0.028841805,6
Lymphocyte count,532749103.0,rs532749103-T,0.16041075,6
Lymphocyte count,34894487.0,rs34894487-TA,0.02045269,6
Lymphocyte count,112540634.0,rs112540634-T,0.029030865,6
Lymphocyte count,9380500.0,rs9380500-C,0.029064287,6
Lymphocyte count,6931118.0,rs6931118-T,0.021977043,6
Lymphocyte count,6917738.0,rs6917738-C,0.03913242,6
Lymphocyte count,9381340.0,rs9381340-G,0.017786147,6
Lymphocyte count,9395049.0,rs9395049-G,0.014047174,6
Lymphocyte count,2294861.0,rs2294861-T,0.016882818,6
Lymphocyte count,206916.0,rs206916-C,0.015431736,6
Lymphocyte count,72928038.0,rs72928038-A,0.029495386,6
Lymphocyte count,58550282.0,rs58550282-A,0.023671389,6
Lymphocyte count,372411283.0,rs372411283-T,0.024165012,6
Lymphocyte count,6941160.0,rs6941160-A,0.018055664,6
Monocyte count,8006994.0,rs8006994-C,0.037031,14
Monocyte count,10518743.0,rs10518743-C,0.046945,15
Monocyte count,9933582.0,rs9933582-T,0.053083,16
Monocyte count,112458826.0,rs112458826-G,0.056205,17
Monocyte count,41363245.0,rs41363245-G,0.05559,17
Monocyte count,4811020.0,rs4811020-C,0.05775,20
Monocyte count,74276531.0,rs74276531-T,0.053951,21
Monocyte count,1375493.0,rs1375493-G,0.116955,2
Monocyte count,10980802.0,rs10980802-A,0.0967185,9
Monocyte count,13029501.0,rs13029501-G,0.140212,2
Monocyte count,55964818.0,rs55964818-T,0.100534,8
Lymphocyte count,72835315.0,rs72835315-C,0.037782066,6
Lymphocyte count,12203592.0,rs12203592-T,0.020848839,6
Lymphocyte count,872071.0,rs872071-G,0.019604748,6
Lymphocyte count,9392840.0,rs9392840-T,0.018236239,6
Lymphocyte count,9328393.0,rs9328393-A,0.015571423,6
Lymphocyte count,61025394.0,rs61025394-A,0.016614573,6
Lymphocyte count,1297770.0,rs1297770-T,0.02080716,6
Lymphocyte count,16870458.0,rs16870458-A,0.016796967,6
Lymphocyte count,9470670.0,rs9470670-G,0.018750938,6
Lymphocyte count,57732760.0,rs57732760-CA,0.018385047,6
Lymphocyte count,1267494.0,rs1267494-C,0.017029973,6
Lymphocyte count,794794.0,rs794794-G,0.015630376,6
Lymphocyte count,78144291.0,rs78144291-C,0.04899487,6
Lymphocyte count,73735248.0,rs73735248-T,0.024154937,6
Lymphocyte count,113760175.0,rs113760175-A,0.037110243,6
Lymphocyte count,2328765.0,rs2328765-G,0.01532173,6
Lymphocyte count,6911302.0,rs6911302-C,0.026323013,6
Lymphocyte count,9260155.0,rs9260155-C,0.027366111,6
Lymphocyte count,6939900.0,rs6939900-T,0.03356077,6
Lymphocyte count,2524108.0,rs2524108-G,0.050841797,6
Lymphocyte count,2249742.0,rs2249742-T,0.049990416,6
Lymphocyte count,34872474.0,rs34872474-G,0.042707935,6
Lymphocyte count,28895001.0,rs28895001-T,0.045384236,6
Lymphocyte count,3131643.0,rs3131643-A,0.04733108,6
Lymphocyte count,34451538.0,rs34451538-A,0.044486254,6
Lymphocyte count,2548499.0,rs2548499-G,0.020318732,5
Lymphocyte count,59642354.0,rs59642354-CT,0.015717905,5
Lymphocyte count,57734064.0,rs561512331-C,0.014505566,
Lymphocyte count,6889157.0,rs6889157-A,0.01757666,5
Lymphocyte count,678393.0,rs678393-G,0.01672811,5
Lymphocyte count,2544920.0,rs2544920-T,0.014243656,5
Lymphocyte count,114378220.0,rs114378220-T,0.0370782,5
Lymphocyte count,11445660.0,rs571167884-TA,0.031143717,5
Lymphocyte count,4304077.0,rs4304077-A,0.018621907,5
Lymphocyte count,3812049.0,rs3812049-G,0.027801141,5
Lymphocyte count,78623258.0,rs78623258-G,0.019188453,5
Lymphocyte count,70974032.0,rs538021413-T,0.015776893,5
Lymphocyte count,20541.0,rs20541-G,0.017205536,5
Lymphocyte count,75925066.0,rs75925066-A,0.08776899,5
Lymphocyte count,60580948.0,rs60580948-G,0.020919362,5
Lymphocyte count,8177833.0,rs8177833-G,0.03541474,5
Lymphocyte count,1862362.0,rs1862362-G,0.019472811,5
Lymphocyte count,61745454.0,rs61745454-G,0.042742293,5
Lymphocyte count,17054136.0,rs17054136-A,0.032309588,5
Lymphocyte count,17055818.0,rs17055818-C,0.030864723,5
Lymphocyte count,112824187.0,rs112824187-A,0.043885477,5
Lymphocyte count,72841879.0,rs72841879-T,0.022889398,5
Lymphocyte count,360017.0,rs360017-G,0.022097843,5
Lymphocyte count,4976642.0,rs4976642-A,0.023766335,5
Lymphocyte count,369386134.0,rs369386134-TA,0.018335205,5
Monocyte count,72790862.0,rs72790862-C,0.020289,10
Monocyte count,17011726.0,rs17011726-G,0.022772,10
Monocyte count,,chr10:59971507-D,0.018124,
Monocyte count,1184089.0,rs1184089-G,0.013538,10
Monocyte count,224111.0,rs224111-A,0.020934,10
Monocyte count,7919533.0,rs7919533-C,0.02038,10
Monocyte count,11597947.0,rs11597947-T,0.015525,10
Monocyte count,2343551.0,rs2343551-C,0.020991,10
Monocyte count,74364334.0,rs74364334-A,0.034841,10
Monocyte count,2077218.0,rs2077218-A,0.017819,10
Monocyte count,11189154.0,rs11189154-A,0.050518,10
Monocyte count,11190141.0,rs11190141-T,0.04368,10
Monocyte count,2482508.0,rs2482508-T,0.028642,10
Monocyte count,72828247.0,rs72828247-T,0.019103,10
Monocyte count,10885396.0,rs10885396-T,0.014356,10
Monocyte count,138243320.0,rs138243320-I,0.019649,10
Monocyte count,10751647.0,rs10751647-C,0.023981,11
Monocyte count,907612.0,rs907612-T,0.033053,11
Monocyte count,7948848.0,rs7948848-A,0.013755,11
Monocyte count,4910511.0,rs4910511-G,0.013775,11
Monocyte count,7120300.0,rs7120300-T,0.017176,11
Monocyte count,1885525.0,rs1885525-A,0.012936,11
Monocyte count,11422980.0,rs752976285-I,0.023794,11
Monocyte count,4970966.0,rs4970966-G,0.048627,1
Monocyte count,11687123.0,rs11687123-G,0.047946,2
Monocyte count,1954735.0,rs1954735-C,0.020807,8
Monocyte count,13271228.0,rs13271228-G,0.03058,8
Monocyte count,2385094.0,rs2385094-C,0.023922,8
Monocyte count,10092988.0,rs10092988-A,0.079112,8
Monocyte count,10099546.0,rs10099546-G,0.020315,8
Monocyte count,555425887.0,rs555425887-D,0.017785,9
Monocyte count,12376511.0,rs12376511-C,0.048585,9
Monocyte count,11557154.0,rs11557154-T,0.031988,9
Monocyte count,1634951.0,rs1634951-T,0.015257,9
Monocyte count,2737273.0,rs2737273-C,0.015215,9
Monocyte count,10758481.0,rs10758481-C,0.014132,9
Monocyte count,147866228.0,rs147866228-C,0.072269,9
Monocyte count,10780209.0,rs10780209-A,0.045431,9
Monocyte count,1333633.0,rs1333633-A,0.01439,9
Monocyte count,4978866.0,rs4978866-C,0.021105,9
Monocyte count,62571883.0,rs62571883-C,0.117607,9
Monocyte count,4838147.0,rs4838147-G,0.031752,9
Monocyte count,10987787.0,rs10987787-G,0.01967,9
Monocyte count,676996.0,rs676996-G,0.043816,9
Monocyte count,17731.0,rs17731-A,0.014337,10
Monocyte count,11255548.0,rs11255548-C,0.02006,10
Monocyte count,2646421.0,rs2646421-C,0.02609,10
Monocyte count,,chr10:22036917-D,0.013827,
Monocyte count,10828725.0,rs10828725-T,0.047265,10
Monocyte count,475616.0,rs475616-G,0.01572,10
Monocyte count,177917.0,rs177917-A,0.041015,2
Monocyte count,28675349.0,rs28675349-A,0.031258,2
Monocyte count,1449263.0,rs1449263-C,0.096804,2
Monocyte count,1366045.0,rs1366045-T,0.042555,3
Monocyte count,6441978.0,rs6441978-T,0.047724,3
Monocyte count,2734037.0,rs2734037-C,0.043223,3
Monocyte count,871134.0,rs871134-C,0.033556,4
Monocyte count,17006028.0,rs17006028-C,0.047705,4
Monocyte count,11098063.0,rs11098063-C,0.036548,4
Monocyte count,2524084.0,rs2524084-A,0.059309,6
Monocyte count,9376091.0,rs9376091-C,0.037231,6
Monocyte count,62454712.0,rs62454712-T,0.032903,7
Monocyte count,10276619.0,rs10276619-G,0.04508,7
Monocyte count,445.0,rs445-C,0.049125,7
Monocyte count,13277237.0,rs13277237-G,0.071644,8
Monocyte count,7047414.0,rs7047414-C,0.037799,9
Monocyte count,72747074.0,rs72747074-G,0.033516,9
Monocyte count,10980797.0,rs10980797-A,0.067816,9
Monocyte count,10819335.0,rs10819335-T,0.040865,9
Monocyte count,11189156.0,rs11189156-T,0.033722,10
Monocyte count,4129134.0,rs4129134-C,0.030728,10
Monocyte count,75963851.0,rs75963851-A,0.075747,11
Monocyte count,76080105.0,rs76080105-T,0.241972,13
Monocyte count,2239630.0,rs2239630-A,0.034378,14
Monocyte count,2004925.0,rs2004925-G,0.045609,14
Lymphocyte count,531282607.0,rs531282607-CA,0.014941899,7
Lymphocyte count,2347784.0,rs2347784-G,0.02699547,7
Lymphocyte count,2282867.0,rs2282867-A,0.021784397,7
Lymphocyte count,13242809.0,rs13242809-A,0.024740987,7
Lymphocyte count,60600003.0,rs60600003-G,0.028530594,7
Lymphocyte count,532636967.0,rs532636967-C,0.019833164,7
Lymphocyte count,3735485.0,rs3735485-G,0.045616455,7
Lymphocyte count,150640087.0,rs150640087-T,0.059603557,7
Lymphocyte count,3217415.0,rs3217415-G,0.018900197,7
Lymphocyte count,10234816.0,rs10234816-C,0.01921403,7
Lymphocyte count,2530482.0,rs2530482-C,0.015912391,7
Lymphocyte count,66467147.0,rs66467147-A,0.014672326,7
Lymphocyte count,576901188.0,rs576901188-T,0.15480696,7
Lymphocyte count,36227867.0,rs145236316-C,0.077490225,7
Lymphocyte count,10230506.0,rs10230506-A,0.019213343,7
Lymphocyte count,6465750.0,rs6465750-T,0.04362647,7
Lymphocyte count,60473539.0,rs60473539-AATT,0.020378187,7
Lymphocyte count,9718496.0,rs9718496-A,0.01491006,7
Lymphocyte count,9920.0,rs9920-C,0.03429567,7
Lymphocyte count,62621812.0,rs62621812-A,0.055907756,7
Lymphocyte count,56323117.0,rs56323117-T,0.021225588,7
Lymphocyte count,548547376.0,rs548547376-G,0.0136949895,7
Lymphocyte count,34065738.0,rs71789978-CAAA,0.020227807,
Lymphocyte count,7793008.0,rs7793008-G,0.02125747,7
Lymphocyte count,2347694.0,rs2347694-A,0.017869068,7
Lymphocyte count,62485905.0,rs62485905-T,0.018393714,7
Lymphocyte count,55700285.0,rs55700285-T,0.023625454,7
Lymphocyte count,62492368.0,rs62492368-A,0.016399972,7
Lymphocyte count,,chr7:156659381-CCTCT,0.0134212,
Lymphocyte count,28588745.0,rs28588745-T,0.024370665,8
Lymphocyte count,56094005.0,rs56094005-G,0.041543104,8
Lymphocyte count,2313571.0,rs2313571-T,0.017299702,8
Lymphocyte count,1812594.0,rs1812594-C,0.01945889,8
Lymphocyte count,12677454.0,rs12677454-A,0.013486328,8
Lymphocyte count,58859997.0,rs746008566-GA,0.020794775,8
Lymphocyte count,72638986.0,rs72638986-A,0.04754279,8
Lymphocyte count,4737010.0,rs4737010-A,0.025422234,8
Lymphocyte count,1976451.0,rs1976451-G,0.019982256,8
Lymphocyte count,35401477.0,rs200096953-C,0.014151959,8
Lymphocyte count,34105345.0,rs34105345-AC,0.02376565,8
Lymphocyte count,894885.0,rs894885-T,0.018324833,8
Lymphocyte count,13258410.0,rs13258410-C,0.0138983615,8
Lymphocyte count,16939607.0,rs16939607-A,0.024076983,8
Lymphocyte count,2919917.0,rs2919917-C,0.052850813,8
Lymphocyte count,117554445.0,rs117554445-C,0.16895548,8
Lymphocyte count,4739140.0,rs4739140-T,0.028415237,8
Lymphocyte count,11992182.0,rs11992182-A,0.018670296,8
Lymphocyte count,118026302.0,rs118026302-T,0.16275913,8
Lymphocyte count,56394994.0,rs56394994-G,0.025801146,8
Lymphocyte count,881491.0,rs881491-C,0.017071815,8
Lymphocyte count,1264593.0,rs1264593-T,0.016101543,8
Lymphocyte count,2957471.0,rs2957471-C,0.018650495,8
Lymphocyte count,71296907.0,rs71296907-CT,0.014313722,8
Lymphocyte count,58443763.0,rs138962052-T,0.013906417,8
Lymphocyte count,10956401.0,rs10956401-A,0.025888832,8
Meconium ileus in cystic fibrosis,3788766.0,rs3788766-T,0.36464311358790924,X
Meconium ileus in cystic fibrosis,61948108.0,rs61948108-T,0.4382549309311553,13
Meconium ileus in cystic fibrosis,7549173.0,rs7549173-C,0.3148107398400336,1
Lymphocyte count,10828725.0,rs10828725-T,0.03322973,10
Lymphocyte count,11595895.0,rs11595895-A,0.021256264,10
Lymphocyte count,113442503.0,rs113442503-A,0.09568652,10
Lymphocyte count,2091084.0,rs2091084-C,0.014821904,10
Lymphocyte count,78908135.0,rs78908135-G,0.025515426,10
Lymphocyte count,6593412.0,rs6593412-G,0.013779021,10
Lymphocyte count,56699372.0,rs56699372-G,0.035947733,10
Lymphocyte count,4948492.0,rs4948492-T,0.023650778,10
Lymphocyte count,10995312.0,rs10995312-C,0.025803111,10
Lymphocyte count,149727843.0,rs149727843-TCAA,0.013662728,10
Lymphocyte count,35696875.0,rs35696875-TCA,0.020880517,10
Lymphocyte count,35947132.0,rs35947132-A,0.061554436,10
Lymphocyte count,10823631.0,rs10823631-G,0.01627304,10
Lymphocyte count,2249989.0,rs2249989-G,0.024251018,10
Lymphocyte count,748113.0,rs748113-C,0.035235073,10
Lymphocyte count,34545342.0,rs34545342-G,0.017871566,10
Lymphocyte count,1108618.0,rs1108618-G,0.014763373,10
Lymphocyte count,1878036.0,rs1878036-G,0.01810029,10
Lymphocyte count,34664889.0,rs34664889-A,0.021522839,10
Lymphocyte count,2077218.0,rs2077218-A,0.015743963,10
Lymphocyte count,66515460.0,rs66515460-C,0.017200906,10
Lymphocyte count,41317270.0,rs41317270-T,0.019152783,10
Lymphocyte count,61863767.0,rs61863767-T,0.015898935,10
Lymphocyte count,603424.0,rs603424-A,0.022122512,10
Lymphocyte count,192735598.0,rs192735598-T,0.035822343,10
Lymphocyte count,12296430.0,rs12296430-C,0.056340773,12
Lymphocyte count,10844706.0,rs10844706-A,0.04287912,12
Lymphocyte count,3176792.0,rs3176792-T,0.03562921,12
Lymphocyte count,3136559.0,rs3136559-T,0.05612299,12
Lymphocyte count,112413037.0,rs112413037-T,0.019593023,12
Lymphocyte count,61923561.0,rs61923561-A,0.09483905,12
Lymphocyte count,4763832.0,rs4763832-G,0.014717105,12
Lymphocyte count,34325.0,rs34325-C,0.025711356,12
Lymphocyte count,7134738.0,rs7134738-C,0.016907856,12
Lymphocyte count,6487544.0,rs6487544-G,0.013815028,12
Lymphocyte count,74914310.0,rs74914310-T,0.018471522,12
Lymphocyte count,11168249.0,rs11168249-C,0.018820757,12
Lymphocyte count,1793911.0,rs1793911-C,0.013941138,12
Lymphocyte count,7486636.0,rs7486636-A,0.017194364,12
Lymphocyte count,7138945.0,rs7138945-G,0.013451838,12
Lymphocyte count,1700159.0,rs1700159-T,0.015135433,12
Lymphocyte count,1131017.0,rs1131017-G,0.015075145,12
Lymphocyte count,4913408.0,rs4913408-A,0.015334269,12
Lymphocyte count,10535587.0,rs10535587-T,0.015518957,12
Ocular sarcoidosis,59337986.0,rs59337986-?,0.6816139275462721,3
Ocular sarcoidosis,133666.0,rs133666-G,0.580538236177291,22
Ocular sarcoidosis,138887197.0,rs138887197-T,0.62057648772511,20
Ocular sarcoidosis,543143.0,rs543143-C,0.9262410627273231,18
Lymphocyte count,10790962.0,rs10790962-A,0.02051017,11
Lymphocyte count,71973827.0,rs71973827-G,0.023170833,11
Lymphocyte count,34038797.0,rs34038797-G,0.02032352,12
Lymphocyte count,12822620.0,rs12822620-T,0.018078644,12
Lymphocyte count,2284344.0,rs2284344-C,0.026717227,12
Lymphocyte count,12425441.0,rs12425441-G,0.021466132,12
Mean platelet volume,10740118.0,rs10740118-G,0.111482,10
Mean platelet volume,11553699.0,rs11553699-A,0.36427,12
Mean platelet volume,12041331.0,rs12041331-G,0.112134,1
Mean platelet volume,1354034.0,rs1354034-T,0.155809,3
Mean platelet volume,61405041.0,rs150462856-?,0.106558,13
Mean platelet volume,1668871.0,rs1668871-T,0.12791,1
Mean platelet volume,2038479.0,rs2038479-C,0.115422,1
Mean platelet volume,342293.0,rs342293-C,0.140288,7
Mean platelet volume,565366829.0,rs565366829-A,0.286819,17
Mean platelet volume,6070696.0,rs6070696-A,0.112057,20
Mean platelet volume,73517714.0,rs73517714-C,0.253391,19
Mean platelet volume,74625164.0,rs74625164-T,0.173693,6
Mean platelet volume,9716726.0,rs9716726-G,0.129709,5
Mean platelet volume,1569419.0,rs1569419-T,0.03195,1
Mean platelet volume,11121012.0,rs11121012-A,0.029845,1
Mean platelet volume,11121529.0,rs11121529-C,0.08247,1
Mean platelet volume,17367504.0,rs17367504-A,0.020945,1
Mean platelet volume,6678027.0,rs6678027-G,0.01347,1
Mean platelet volume,3924236.0,rs3924236-C,0.034877,1
Mean platelet volume,79847479.0,rs79847479-C,0.068197,1
Mean platelet volume,4381172.0,rs4381172-C,0.02129,1
Mean platelet volume,17853159.0,rs17853159-G,0.045466,1
Mean platelet volume,7664.0,rs7664-T,0.016213,1
Mean platelet volume,1890946.0,rs1890946-T,0.018974,1
Mean platelet volume,58336065.0,rs58336065-I,0.019108,1
Mean platelet volume,4655783.0,rs4655783-T,0.012937,1
Mean platelet volume,532446.0,rs532446-C,0.015025,1
Mean platelet volume,10874004.0,rs10874004-G,0.013773,1
Mean platelet volume,496954.0,rs496954-T,0.019046,1
Mean platelet volume,12745191.0,rs12745191-C,0.014631,1
Mean platelet volume,140584594.0,rs140584594-G,0.019992,1
Mean platelet volume,10857859.0,rs10857859-G,0.030785,1
Mean platelet volume,35935752.0,rs35935752-I,0.024898,1
Mean platelet volume,61753528.0,rs61753528-A,0.143524,1
Mean platelet volume,3767809.0,rs3767809-T,0.042019,1
Mean platelet volume,,chr1:150716980-D,0.017279,
Mean platelet volume,2494663.0,rs2494663-C,0.01848,1
Mean platelet volume,12041331.0,rs12041331-G,0.081681,1
Mean platelet volume,861409.0,rs861409-C,0.017226,1
Mean platelet volume,2789422.0,rs2789422-G,0.030073,1
Mean platelet volume,3557.0,rs3557-T,0.05031,1
Mean platelet volume,2275558.0,rs2275558-G,0.023874,1
Mean platelet volume,2038480.0,rs2038480-A,0.128314,1
Mean platelet volume,234108.0,rs234108-G,0.013887,1
Mean platelet volume,1434282.0,rs1434282-C,0.024774,1
Mean platelet volume,7539542.0,rs7539542-G,0.020728,1
Mean platelet volume,61822568.0,rs61822568-C,0.093406,1
Mean platelet volume,12074166.0,rs12074166-G,0.044722,1
Mean platelet volume,1891058.0,rs1891058-G,0.015891,1
Mean platelet volume,61830291.0,rs61830291-A,0.028279,1
Mean platelet volume,2051105.0,rs2051105-G,0.017221,1
Mean platelet volume,10668231.0,rs10668231-I,0.01605,1
Mean platelet volume,59484402.0,rs59484402-I,0.015757,1
Mean platelet volume,4240944.0,rs4240944-A,0.013039,1
Mean platelet volume,12033187.0,rs12033187-C,0.014483,1
Mean platelet volume,11807162.0,rs11807162-G,0.02036,1
Mean platelet volume,4925750.0,rs4925750-T,0.069862,1
Mean platelet volume,6759839.0,rs6759839-A,0.034822,2
Mean platelet volume,,chr2:24030829-D,0.029239,
Mean platelet volume,1260326.0,rs1260326-T,0.015312,2
Mean platelet volume,655029.0,rs655029-G,0.085461,2
Mean platelet volume,12712337.0,rs12712337-C,0.015184,2
Mean platelet volume,1861435.0,rs1861435-T,0.033329,2
Mean platelet volume,7570920.0,rs7570920-A,0.012007,2
Mean platelet volume,4299376.0,rs4299376-G,0.018836,2
Mean platelet volume,11125553.0,rs11125553-C,0.022194,2
Mean platelet volume,2422442.0,rs2422442-A,0.016469,2
Mean platelet volume,939136.0,rs939136-G,0.026274,2
Mean platelet volume,34338164.0,rs34338164-A,0.10701,2
Mean platelet volume,7349311.0,rs7349311-G,0.036375,2
Lymphocyte count,28972181.0,rs28972181-C,0.017567754,13
Lymphocyte count,113183368.0,rs113183368-G,0.0700202,13
Lymphocyte count,552886585.0,rs552886585-C,0.025557803,13
Lymphocyte count,9590390.0,rs9590390-A,0.048282776,13
Lymphocyte count,45528934.0,rs45528934-T,0.018052436,14
Lymphocyte count,57075379.0,rs57075379-G,0.027978797,14
Lymphocyte count,696.0,rs696-T,0.023862628,14
Lymphocyte count,11848179.0,rs11848179-G,0.02930178,14
Lymphocyte count,2285005.0,rs2285005-A,0.013530485,14
Lymphocyte count,10142607.0,rs10142607-T,0.022355862,14
Lymphocyte count,72731535.0,rs72731535-A,0.01702258,14
Lymphocyte count,9323612.0,rs9323612-G,0.028348424,14
Lymphocyte count,11499034.0,rs11499034-C,0.058720067,14
Lymphocyte count,76659130.0,rs76659130-A,0.01676607,14
Lymphocyte count,10145277.0,rs10145277-A,0.014176351,14
Lymphocyte count,8017944.0,rs8017944-G,0.031355426,14
Lymphocyte count,56227024.0,rs56227024-G,0.016507166,14
Lymphocyte count,11635288.0,rs11635288-C,0.013702696,15
Lymphocyte count,11634257.0,rs11634257-A,0.016160859,15
Lymphocyte count,139090700.0,rs139090700-G,0.01668532,15
Lymphocyte count,139974673.0,rs139974673-C,0.05262562,15
Lymphocyte count,67628277.0,rs67628277-CT,0.020884072,15
Lymphocyte count,60695341.0,rs60695341-T,0.018420639,15
Lymphocyte count,7161799.0,rs7161799-T,0.037267335,15
Lymphocyte count,12439212.0,rs12439212-T,0.013583294,15
Lymphocyte count,149453951.0,rs149453951-T,0.04867941,15
Lymphocyte count,34025077.0,rs34025077-G,0.03259602,15
Lymphocyte count,8025626.0,rs8025626-A,0.013413941,15
Lymphocyte count,12148425.0,rs12148425-C,0.014547563,15
Lymphocyte count,3926279.0,rs3926279-G,0.032032095,15
Lymphocyte count,2672083.0,rs2672083-C,0.015563644,15
Lymphocyte count,1075619.0,rs1075619-C,0.019880364,15
Lymphocyte count,187856913.0,rs187856913-A,0.046841986,15
Lymphocyte count,28539372.0,rs28539372-A,0.039872132,15
Lymphocyte count,447361.0,rs447361-G,0.020180507,16
Lymphocyte count,3840981.0,rs3840981-G,0.018301222,16
Lymphocyte count,1677490.0,rs1677490-C,0.015921362,16
Lymphocyte count,248831.0,rs248831-A,0.018035555,16
Lymphocyte count,886114.0,rs886114-T,0.013688397,16
Lymphocyte count,11643225.0,rs11643225-T,0.032415144,16
Lymphocyte count,12716977.0,rs12716977-C,0.054452717,16
Lymphocyte count,3747481.0,rs3747481-T,0.021031868,16
Lymphocyte count,7192652.0,rs7192652-G,0.022626134,16